"State","District","Taluka"
"Chhattisgarh","Kawardha","Kawardha"
"Chhattisgarh","Kawardha","Pandaria"
"Chhattisgarh","Korba","Katghora"
"Chhattisgarh","Korba","Korba"
"Chhattisgarh","Koriya","Baikunthpur"
"Chhattisgarh","Koriya","Bharatpur"
"Chhattisgarh","Koriya","Manendragarh"
"Chhattisgarh","Mahasamund","Mahasamund"
"Chhattisgarh","Mahasamund","Seraipali"
"Chhattisgarh","Raigarh","Dharmjaygarh"
"Chhattisgarh","Raigarh","Gharghoda"
"Chhattisgarh","Raigarh","n.a. ( 1156)"
"Chhattisgarh","Raigarh","Raigarh"
"Chhattisgarh","Raigarh","Sarangarh"
"Chhattisgarh","Raipur","Baloda Bazar"
"Chhattisgarh","Raipur","Bhatapara"
"Chhattisgarh","Raipur","Bilaigarh"
"Chhattisgarh","Raipur","Bindra Nawagarh"
"Chhattisgarh","Raipur","Kasdol"
"Chhattisgarh","Raipur","Raipur"
"Chhattisgarh","Raipur","Rajim"
"Chhattisgarh","Raipur","Simga"
"Chhattisgarh","Raj Nandgaon","Chhuikhadan"
"Gujarat","Surat","Mandvi"
"Gujarat","Surat","Mangrol"
"Gujarat","Surat","n.a. ( 1327)"
"Gujarat","Surat","n.a. ( 1344)"
"Gujarat","Surat","n.a. ( 1348)"
"Gujarat","Surat","n.a. ( 1349)"
"Gujarat","Surat","n.a. ( 1352)"
"Gujarat","Surat","n.a. ( 1359)"
"Gujarat","Surat","Nijhar"
"Gujarat","Surat","Olpad"
"Gujarat","Surat","Palsana"
"Gujarat","Surat","Songadh"
"Gujarat","Surat","Uchchhal"
"Gujarat","Surat","Valod"
"Gujarat","Surat","Vyara"
"Gujarat","Surendranagar","Chotila"
"Gujarat","Surendranagar","Dasada"
"Gujarat","Surendranagar","Dhrangadhra"
"Gujarat","Surendranagar","Halvad"
"Gujarat","Surendranagar","Lakhtar"
"Gujarat","Surendranagar","Limbdi"
"Gujarat","Surendranagar","Muli"
"Gujarat","Surendranagar","Sayla"
"Gujarat","Surendranagar","Wadhwan"
"Gujarat","The Dangs","Ahwa"
"Himachal Pradesh","Kangra","Baroh"
"Himachal Pradesh","Kangra","Dera Gopipur"
"Himachal Pradesh","Kangra","Dharmshala"
"Himachal Pradesh","Kangra","Indora"
"Himachal Pradesh","Kangra","Jaisinghpur"
"Himachal Pradesh","Kangra","Jawali"
"Himachal Pradesh","Kangra","Kangra"
"Himachal Pradesh","Kangra","n.a. ( 42)"
"Himachal Pradesh","Kangra","Nurpur"
"Himachal Pradesh","Kangra","Palampur"
"Himachal Pradesh","Kinnaur","Kalpa"
"Himachal Pradesh","Kinnaur","Morang"
"Himachal Pradesh","Kinnaur","n.a. ( 35)"
"Himachal Pradesh","Kinnaur","Nichar"
"Himachal Pradesh","Kinnaur","Puh"
"Himachal Pradesh","Kinnaur","Sangla"
"Himachal Pradesh","Kullu","Ani"
"Himachal Pradesh","Kullu","Banjar"
"Himachal Pradesh","Kullu","Kullu"
"Himachal Pradesh","Kullu","Nermand"
"Himachal Pradesh","Lahul and Spiti","Kyelang"
"Himachal Pradesh","Lahul and Spiti","Spiti"
"Himachal Pradesh","Mandi","Chachyot"
"Jharkhand","Saraikela Kharsawan","Saraikela"
"Jharkhand","Simdega","Simdega"
"Karnataka","Bagalkot","Badami"
"Karnataka","Bagalkot","Bagalkot"
"Karnataka","Bagalkot","Bilgi"
"Karnataka","Bagalkot","Hungund"
"Karnataka","Bagalkot","Jamkhandi"
"Karnataka","Bagalkot","Mudhol"
"Karnataka","Bangalore Rural","Channapatna"
"Karnataka","Bangalore Rural","Devanhalli"
"Karnataka","Bangalore Rural","Dod Ballapur"
"Karnataka","Bangalore Rural","Hoskote"
"Karnataka","Bangalore Rural","Kanakapura"
"Karnataka","Bangalore Rural","Magadi"
"Karnataka","Bangalore Rural","Nelamangala"
"Karnataka","Bangalore Rural","Ramanagaram"
"Karnataka","Bangalore Urban","Anekal"
"Karnataka","Bangalore Urban","Bangalore"
"Karnataka","Bangalore Urban","n.a. ( 2050)"
"Karnataka","Belgaum","Athni"
"Karnataka","Belgaum","Bail Hongal"
"Karnataka","Belgaum","Belgaum"
"Karnataka","Belgaum","Chikodi"
"Andaman and Nicobar","Andaman Islands","n.a. ( 2178)"
"Andaman and Nicobar","Nicobar Islands","n.a. ( 2304)"
"Andhra Pradesh","Adilabad","Adilabad"
"Andhra Pradesh","Adilabad","Asifabad"
"Andhra Pradesh","Adilabad","Boath"
"Andhra Pradesh","Adilabad","Chinnur"
"Andhra Pradesh","Adilabad","Khanapur"
"Andhra Pradesh","Adilabad","Laxettipet"
"Andhra Pradesh","Adilabad","Mudhol"
"Andhra Pradesh","Adilabad","Nirmal"
"Andhra Pradesh","Adilabad","Sirpur"
"Andhra Pradesh","Adilabad","Utnur"
"Andhra Pradesh","Anantapur","Anantapur"
"Andhra Pradesh","Anantapur","Dharmavaram"
"Andhra Pradesh","Anantapur","Gooty"
"Andhra Pradesh","Anantapur","Hindupur"
"Andhra Pradesh","Anantapur","Kadiri"
"Andhra Pradesh","Anantapur","Kalyandurg"
"Andhra Pradesh","Anantapur","Madakasira"
"Andhra Pradesh","Anantapur","Penukonda"
"Andhra Pradesh","Anantapur","Rayadurg"
"Andhra Pradesh","Anantapur","Tadpatri"
"Andhra Pradesh","Chittoor","Chandragiri"
"Andhra Pradesh","Chittoor","Chittoor"
"Andhra Pradesh","Chittoor","Kuppam"
"Andhra Pradesh","Chittoor","Madanapalle"
"Andhra Pradesh","Chittoor","Palmaner"
"Andhra Pradesh","Chittoor","Punganuru"
"Andhra Pradesh","Chittoor","Puttur"
"Andhra Pradesh","Chittoor","Satyavedu"
"Andhra Pradesh","Chittoor","Sri Kalahasti"
"Andhra Pradesh","Chittoor","Vayalipad"
"Andhra Pradesh","Cuddapah","Badvel"
"Andhra Pradesh","Cuddapah","Cuddapah"
"Andhra Pradesh","Cuddapah","Jammalamadugu"
"Andhra Pradesh","Cuddapah","Kamalapuram"
"Andhra Pradesh","Cuddapah","Proddatur"
"Andhra Pradesh","Cuddapah","Pulivendla"
"Andhra Pradesh","Cuddapah","Rajampet"
"Andhra Pradesh","Cuddapah","Rayachoti"
"Andhra Pradesh","Cuddapah","Sidhout"
"Andhra Pradesh","East Godavari","Addatigala"
"Andhra Pradesh","East Godavari","Amalapuram"
"Andhra Pradesh","East Godavari","Kakinada"
"Andhra Pradesh","East Godavari","Kottapeta"
"Andhra Pradesh","East Godavari","Mummidivaram"
"Andhra Pradesh","East Godavari","Peddapuram"
"Andhra Pradesh","East Godavari","Pithapuram"
"Andhra Pradesh","East Godavari","Prathipadu"
"Andhra Pradesh","East Godavari","Rajahmundry"
"Andhra Pradesh","East Godavari","Ramachandrapuram"
"Andhra Pradesh","East Godavari","Rampa Chodavaram"
"Andhra Pradesh","East Godavari","Razole"
"Andhra Pradesh","East Godavari","Tuni"
"Andhra Pradesh","Guntur","Bapatla"
"Andhra Pradesh","Guntur","Guntur"
"Andhra Pradesh","Guntur","Guruzala"
"Andhra Pradesh","Guntur","Narasaraopet"
"Andhra Pradesh","Guntur","Repalle"
"Andhra Pradesh","Guntur","Sattenapalle"
"Andhra Pradesh","Guntur","Tenali"
"Andhra Pradesh","Guntur","Vinukonda"
"Andhra Pradesh","Hyderabad","Hyderabad"
"Andhra Pradesh","Karimnagar","Huzurabad"
"Andhra Pradesh","Karimnagar","Jagtial"
"Andhra Pradesh","Karimnagar","Karimnagar"
"Andhra Pradesh","Karimnagar","Manthani"
"Andhra Pradesh","Karimnagar","Metpalli"
"Andhra Pradesh","Karimnagar","Sirsilla"
"Andhra Pradesh","Karimnagar","Sultanabad"
"Andhra Pradesh","Khammam","Bhadrachalam"
"Andhra Pradesh","Khammam","Borgampad"
"Andhra Pradesh","Khammam","Khammam"
"Andhra Pradesh","Khammam","Kottagudem"
"Andhra Pradesh","Khammam","Madhira"
"Andhra Pradesh","Khammam","Venkatapuram"
"Andhra Pradesh","Khammam","Yellandu"
"Andhra Pradesh","Krishna","Avanigadda"
"Andhra Pradesh","Krishna","Gannavaram"
"Andhra Pradesh","Krishna","Gudivada"
"Andhra Pradesh","Krishna","Jaggayyapeta"
"Andhra Pradesh","Krishna","Kaikalur"
"Andhra Pradesh","Krishna","Machilipatnam"
"Andhra Pradesh","Krishna","Nandigama"
"Andhra Pradesh","Krishna","Nuzvid"
"Andhra Pradesh","Krishna","Tiruvuru"
"Andhra Pradesh","Krishna","Vijayawada"
"Andhra Pradesh","Kurnool","Adoni"
"Andhra Pradesh","Kurnool","Allagadda"
"Andhra Pradesh","Kurnool","Alur"
"Andhra Pradesh","Kurnool","Atmakur"
"Andhra Pradesh","Kurnool","Banganapalli"
"Andhra Pradesh","Kurnool","Dhone"
"Andhra Pradesh","Kurnool","Koilkuntla"
"Andhra Pradesh","Kurnool","Kurnool"
"Andhra Pradesh","Kurnool","Nandikotkur"
"Andhra Pradesh","Kurnool","Nandyal"
"Andhra Pradesh","Kurnool","Pattikonda"
"Andhra Pradesh","Mahbubnagar","Achampet"
"Andhra Pradesh","Mahbubnagar","Alampur"
"Andhra Pradesh","Mahbubnagar","Atamkur"
"Andhra Pradesh","Mahbubnagar","Farooq Nagar"
"Andhra Pradesh","Mahbubnagar","Gadwal"
"Andhra Pradesh","Mahbubnagar","Kalwakurti"
"Andhra Pradesh","Mahbubnagar","Kolhapur"
"Andhra Pradesh","Mahbubnagar","Korangal"
"Andhra Pradesh","Mahbubnagar","Mahbubnagar"
"Andhra Pradesh","Mahbubnagar","Makhtal"
"Andhra Pradesh","Mahbubnagar","Nagar Karnul"
"Andhra Pradesh","Mahbubnagar","Wanparthy"
"Andhra Pradesh","Medak","Gajwel"
"Andhra Pradesh","Medak","Jogipet"
"Andhra Pradesh","Medak","Medak"
"Andhra Pradesh","Medak","Narayankher"
"Andhra Pradesh","Medak","Narsapur"
"Andhra Pradesh","Medak","Sangareddi"
"Andhra Pradesh","Medak","Siddipet"
"Andhra Pradesh","Medak","Zahirabad"
"Andhra Pradesh","Nalgonda","Bhongir"
"Andhra Pradesh","Nalgonda","Devarkonda"
"Andhra Pradesh","Nalgonda","Huzurnagar"
"Andhra Pradesh","Nalgonda","Mirialguda"
"Andhra Pradesh","Nalgonda","Nalgonda"
"Andhra Pradesh","Nalgonda","Ramannapet"
"Andhra Pradesh","Nalgonda","Suriapet"
"Andhra Pradesh","Nellore","Atmakur"
"Andhra Pradesh","Nellore","Gudur"
"Andhra Pradesh","Nellore","Kavali"
"Andhra Pradesh","Nellore","Kovvur"
"Andhra Pradesh","Nellore","n.a. ( 1971)"
"Andhra Pradesh","Nellore","n.a. ( 1975)"
"Andhra Pradesh","Nellore","n.a. ( 1983)"
"Andhra Pradesh","Nellore","n.a. ( 1991)"
"Andhra Pradesh","Nellore","n.a. ( 1992)"
"Andhra Pradesh","Nellore","n.a. ( 1997)"
"Andhra Pradesh","Nellore","n.a. ( 1998)"
"Andhra Pradesh","Nellore","n.a. ( 2000)"
"Andhra Pradesh","Nellore","n.a. ( 2002)"
"Andhra Pradesh","Nellore","n.a. ( 2010)"
"Andhra Pradesh","Nellore","n.a. ( 2011)"
"Andhra Pradesh","Nellore","n.a. ( 2012)"
"Andhra Pradesh","Nellore","n.a. ( 2015)"
"Andhra Pradesh","Nellore","n.a. ( 2016)"
"Andhra Pradesh","Nellore","n.a. ( 2019)"
"Andhra Pradesh","Nellore","n.a. ( 2020)"
"Andhra Pradesh","Nellore","Nellore"
"Andhra Pradesh","Nellore","Rapur"
"Andhra Pradesh","Nellore","Suluru"
"Andhra Pradesh","Nellore","Udayagiri"
"Andhra Pradesh","Nellore","Venkatagiri"
"Andhra Pradesh","Nizamabad","Armur"
"Andhra Pradesh","Nizamabad","Banswada"
"Andhra Pradesh","Nizamabad","Bodhan"
"Andhra Pradesh","Nizamabad","Kamareddy"
"Andhra Pradesh","Nizamabad","Madnur"
"Andhra Pradesh","Nizamabad","Nizamabad"
"Andhra Pradesh","Nizamabad","Yellareddi"
"Andhra Pradesh","Prakasam","Addanki"
"Andhra Pradesh","Prakasam","Chirala"
"Andhra Pradesh","Prakasam","Darsi"
"Andhra Pradesh","Prakasam","Giddalur"
"Andhra Pradesh","Prakasam","Kandukur"
"Andhra Pradesh","Prakasam","Kanigiri"
"Andhra Pradesh","Prakasam","Markapur"
"Andhra Pradesh","Prakasam","Ongole"
"Andhra Pradesh","Prakasam","Podili"
"Andhra Pradesh","Rangareddi","Chevella"
"Andhra Pradesh","Rangareddi","Ibrahimpatan"
"Andhra Pradesh","Rangareddi","Medchal"
"Andhra Pradesh","Rangareddi","n.a. ( 1728)"
"Andhra Pradesh","Rangareddi","Pargi"
"Andhra Pradesh","Rangareddi","Tandur"
"Andhra Pradesh","Rangareddi","Vikarabad"
"Andhra Pradesh","Srikakulam","Chipurupalle"
"Andhra Pradesh","Srikakulam","Ichchapuram"
"Andhra Pradesh","Srikakulam","Narsannapeta"
"Andhra Pradesh","Srikakulam","Palakonda"
"Andhra Pradesh","Srikakulam","Pathapatnam"
"Andhra Pradesh","Srikakulam","Sompeta"
"Andhra Pradesh","Srikakulam","Srikakulam"
"Andhra Pradesh","Srikakulam","Tekkali"
"Andhra Pradesh","Vishakhapatnam","Anakapalli"
"Andhra Pradesh","Vishakhapatnam","Bhimunipatnam"
"Andhra Pradesh","Vishakhapatnam","Chintapalle"
"Andhra Pradesh","Vishakhapatnam","Chodavaram"
"Andhra Pradesh","Vishakhapatnam","n.a. ( 1651)"
"Andhra Pradesh","Vishakhapatnam","Narsipatnam"
"Andhra Pradesh","Vishakhapatnam","Paderu"
"Andhra Pradesh","Vishakhapatnam","Vishakhapatnam"
"Andhra Pradesh","Vishakhapatnam","Yellamanchili"
"Andhra Pradesh","Vizianagaram","Bobbili"
"Andhra Pradesh","Vizianagaram","Gajapatinagaram"
"Andhra Pradesh","Vizianagaram","n.a. ( 1607)"
"Andhra Pradesh","Vizianagaram","Parvathipuram"
"Andhra Pradesh","Vizianagaram","Puspatirega"
"Andhra Pradesh","Vizianagaram","Salur"
"Andhra Pradesh","Vizianagaram","Srungavarapukota"
"Andhra Pradesh","Vizianagaram","Vizianagaram"
"Andhra Pradesh","Warangal","Hanmakonda"
"Andhra Pradesh","Warangal","Jangaon"
"Andhra Pradesh","Warangal","Mulug"
"Andhra Pradesh","Warangal","n.a. ( 1711)"
"Andhra Pradesh","Warangal","Narsampet"
"Andhra Pradesh","Warangal","Parkal"
"Andhra Pradesh","West Godavari","Bhimavaram"
"Andhra Pradesh","West Godavari","Chintalapudi"
"Andhra Pradesh","West Godavari","Eluru"
"Andhra Pradesh","West Godavari","Kovvur"
"Andhra Pradesh","West Godavari","Narsapur"
"Andhra Pradesh","West Godavari","Polavaram"
"Andhra Pradesh","West Godavari","Tadepallegudem"
"Andhra Pradesh","West Godavari","Tanuku"
"Arunachal Pradesh","Changlang","n.a. ( 347)"
"Arunachal Pradesh","East Kameng","Seepa"
"Arunachal Pradesh","East Siang","Pasighat"
"Arunachal Pradesh","Kurung Kumey","Itanagar"
"Arunachal Pradesh","Lohit","Tezu"
"Arunachal Pradesh","Lower Dibang Valley","Amini"
"Arunachal Pradesh","Lower Subansiri","Itanagar"
"Arunachal Pradesh","Papum Pare","Itanagar"
"Arunachal Pradesh","Tawang","Tawang"
"Arunachal Pradesh","Tirap","Tirap"
"Arunachal Pradesh","Upper Dibang Valley","Amini"
"Arunachal Pradesh","Upper Siang","Along"
"Arunachal Pradesh","Upper Subansiri","Daporijo"
"Arunachal Pradesh","West Kameng","Bomdila"
"Arunachal Pradesh","West Siang","Along"
"Assam","Barpeta","Berpeta"
"Assam","Bongaigaon","Kokrajhar"
"Assam","Cachar","Silchar"
"Assam","Darrang","Mangaldai"
"Assam","Dhemaji","Dhemaji"
"Assam","Dhuburi","Gauripur"
"Assam","Dibrugarh","Dibrugarh"
"Assam","Goalpara","Goalpara"
"Assam","Golaghat","Golaghat"
"Assam","Hailakandi","Hailakandi"
"Assam","Jorhat","Jorhat"
"Assam","Kamrup","Guwahati"
"Assam","Karbi Anglong","Diphu"
"Assam","Karbi Anglong","n.a. ( 571)"
"Assam","Karimganj","Karimganj"
"Assam","Kokrajhar","Kokrajhar"
"Assam","Lakhimpur","Lakhimpur"
"Assam","Marigaon","Nagaon"
"Assam","Nagaon","Nagaon"
"Assam","Nalbari","Nalbari"
"Assam","North Cachar Hills","Haflong"
"Assam","Sibsagar","Sibsagar"
"Assam","Sonitpur","Tezpur"
"Assam","Tinsukia","Chapakhowa"
"Assam","Tinsukia","Tinsukia"
"Bihar","Araria","Araria"
"Bihar","Aurangabad","Aurangabad"
"Bihar","Banka","Banka"
"Bihar","Begusarai","Begusarai"
"Bihar","Bhabua","Bhabua"
"Bihar","Bhagalpur","Bhagalpur"
"Bihar","Bhagalpur","Naugachhia"
"Bihar","Bhojpur","Ara"
"Bihar","Buxar","Buxar"
"Bihar","Darbhanga","Benipur"
"Bihar","Darbhanga","Darbhanga"
"Bihar","Gaya","Gaya"
"Bihar","Gopalganj","Gopalganj"
"Bihar","Jamui","Jamui"
"Bihar","Jehanabad","Jahanabad"
"Bihar","Katihar","Katihar"
"Bihar","Khagaria","Khagaria"
"Bihar","Kishanganj","Kishanganj"
"Bihar","Lakhisarai","Lakhisarai"
"Bihar","Madhepura","Kishanganj"
"Bihar","Madhepura","Madhepura"
"Bihar","Madhubani","Benipatti"
"Bihar","Madhubani","Jhanjharpur"
"Bihar","Madhubani","Madhubani"
"Bihar","Munger","Munger"
"Bihar","Muzaffarpur","Muzaffarpur"
"Bihar","Muzaffarpur","n.a. ( 542)"
"Bihar","Nalanda","Bihar Sharif"
"Bihar","Nalanda","Hilsa"
"Bihar","Nawada","Nawada"
"Bihar","Pashchim Champaran","Bettiah"
"Bihar","Patna","Barh"
"Bihar","Patna","Danapur"
"Bihar","Patna","Masaurhi"
"Bihar","Patna","n.a. ( 652)"
"Bihar","Purba Champaran","Dhaka"
"Bihar","Purba Champaran","Motihari"
"Bihar","Purnia","Purnia"
"Bihar","Rohtas","Sasaram"
"Bihar","Saharsa","Saharsa"
"Bihar","Samastipur","Dalsing Sarai"
"Bihar","Samastipur","Rusera"
"Bihar","Samastipur","Samastipur"
"Bihar","Saran","Chhapra"
"Bihar","Sheikhpura","Sheikhpura"
"Bihar","Sheohar","Sheohar"
"Bihar","Sitamarhi","n.a. ( 455)"
"Bihar","Sitamarhi","Sitamarhi"
"Bihar","Siwan","Siwan"
"Bihar","Supaul","Birpur"
"Bihar","Supaul","Supaul"
"Bihar","Vaishali","Hajipur"
"Chandigarh","Chandigarh","Chandigarh"
"Chhattisgarh","Bastar","Jagdalpur"
"Chhattisgarh","Bastar","Kondagaon"
"Chhattisgarh","Bastar","n.a. ( 1547)"
"Chhattisgarh","Bastar","n.a. ( 1608)"
"Chhattisgarh","Bastar","Narainpur"
"Chhattisgarh","Bilaspur","Bilaspur"
"Chhattisgarh","Bilaspur","Kota"
"Chhattisgarh","Bilaspur","Mungeli"
"Chhattisgarh","Bilaspur","n.a. ( 1152)"
"Chhattisgarh","Bilaspur","Pendra Road"
"Chhattisgarh","Bilaspur","Takhatpur"
"Chhattisgarh","Dantewada","Bijapur"
"Chhattisgarh","Dantewada","Dantewara"
"Chhattisgarh","Dantewada","Konta"
"Chhattisgarh","Dhamtari","Dhamtari"
"Chhattisgarh","Durg","Balod"
"Chhattisgarh","Durg","Bemetara"
"Chhattisgarh","Durg","Durg"
"Chhattisgarh","Janjgir-Champa","Champa"
"Chhattisgarh","Janjgir-Champa","Janjgir"
"Chhattisgarh","Janjgir-Champa","Sakti"
"Chhattisgarh","Jashpur","Bagicha"
"Chhattisgarh","Jashpur","Jashpurnagar"
"Chhattisgarh","Jashpur","Pathalgaon"
"Chhattisgarh","Kanker","Bhanupratappur"
"Chhattisgarh","Kanker","Kanker"
"Chhattisgarh","Kanker","n.a. ( 1475)"
"Chhattisgarh","Kanker","Pakhanjur"
"Chhattisgarh","Raj Nandgaon","Dongargarh"
"Chhattisgarh","Raj Nandgaon","Khairagarh"
"Chhattisgarh","Raj Nandgaon","Raj Nandgaon"
"Chhattisgarh","Surguja","Ambikapur"
"Chhattisgarh","Surguja","Kusmi"
"Chhattisgarh","Surguja","Lundra"
"Chhattisgarh","Surguja","Partabpur"
"Chhattisgarh","Surguja","Ramanuj Ganj"
"Chhattisgarh","Surguja","Sitapur"
"Chhattisgarh","Surguja","Surajpur"
"Dadra and Nagar Haveli","Dadra and Nagar Haveli","Silvassa"
"Daman and Diu","Daman","Daman"
"Daman and Diu","Junagadh","Diu"
"Daman and Diu","Junagadh","Kodinar"
"Delhi","Delhi","Delhi"
"Goa","North Goa","Dicholi"
"Goa","North Goa","Mapuca"
"Goa","North Goa","n.a. ( 1882)"
"Goa","North Goa","Panaji"
"Goa","North Goa","Pernem"
"Goa","North Goa","Ponda"
"Goa","North Goa","Valpoy"
"Goa","South Goa","Chauri"
"Goa","South Goa","Madgaon"
"Goa","South Goa","Quepem"
"Goa","South Goa","Sambaji"
"Goa","South Goa","Sanguem"
"Gujarat","Ahmadabad","Ahmadabad"
"Gujarat","Ahmadabad","Dhandhuka"
"Gujarat","Ahmadabad","Dholka"
"Gujarat","Ahmadabad","Sanand"
"Gujarat","Ahmadabad","Viramgam"
"Gujarat","Amreli","Amreli"
"Gujarat","Amreli","Babra"
"Gujarat","Amreli","Dhari"
"Gujarat","Amreli","Jafarabad"
"Gujarat","Amreli","Khambha"
"Gujarat","Amreli","Kundla"
"Gujarat","Amreli","Lathi"
"Gujarat","Amreli","Lilia"
"Gujarat","Amreli","n.a. ( 1307)"
"Gujarat","Amreli","n.a. ( 1370)"
"Gujarat","Amreli","n.a. ( 1375)"
"Gujarat","Amreli","Rajula"
"Gujarat","Amreli","Vadia"
"Gujarat","Anand","Anand"
"Gujarat","Anand","Borsad"
"Gujarat","Anand","Khambhat"
"Gujarat","Anand","Petlad"
"Gujarat","Banas Kantha","Danta"
"Gujarat","Banas Kantha","Dhanera"
"Gujarat","Banas Kantha","Disa"
"Gujarat","Banas Kantha","Diyodar"
"Gujarat","Banas Kantha","Kankrej"
"Gujarat","Banas Kantha","Palanpur"
"Gujarat","Banas Kantha","Tharad"
"Gujarat","Banas Kantha","Vadgam"
"Gujarat","Banas Kantha","Vav"
"Gujarat","Bharuch","Amod"
"Gujarat","Bharuch","Ankleshwar"
"Gujarat","Bharuch","Bharuch"
"Gujarat","Bharuch","Hansot Mahal"
"Gujarat","Bharuch","Jambusar"
"Gujarat","Bharuch","Jhagadia"
"Gujarat","Bharuch","Vagra"
"Gujarat","Bharuch","Valia"
"Gujarat","Bhavnagar","Bhavnagar"
"Gujarat","Bhavnagar","Botad"
"Gujarat","Bhavnagar","Gadhada"
"Gujarat","Bhavnagar","Gariyadhar"
"Gujarat","Bhavnagar","Ghogha"
"Gujarat","Bhavnagar","Mahuva"
"Gujarat","Bhavnagar","n.a. ( 1154)"
"Gujarat","Bhavnagar","n.a. ( 1198)"
"Gujarat","Bhavnagar","n.a. ( 1199)"
"Gujarat","Bhavnagar","n.a. ( 1202)"
"Gujarat","Bhavnagar","n.a. ( 1232)"
"Gujarat","Bhavnagar","Palitana"
"Gujarat","Bhavnagar","Sihor"
"Gujarat","Bhavnagar","Talaja"
"Gujarat","Bhavnagar","Umrala"
"Gujarat","Bhavnagar","Valabhipur"
"Gujarat","Dahod","Dahod"
"Gujarat","Dahod","Devgadh Bariya"
"Gujarat","Dahod","Jhalod"
"Gujarat","Dahod","Limkheda"
"Gujarat","Dahod","Santrampur"
"Gujarat","Gandhinagar","Dahegam"
"Gujarat","Gandhinagar","Gandhinagar"
"Gujarat","Gandhinagar","Kalol"
"Gujarat","Jamnagar","Bhanvad"
"Gujarat","Jamnagar","Dhrol"
"Gujarat","Jamnagar","Dwarka"
"Gujarat","Jamnagar","Jam Jodhpur"
"Gujarat","Jamnagar","Jamnagar"
"Gujarat","Jamnagar","Jodiya"
"Gujarat","Jamnagar","Kalavad"
"Gujarat","Jamnagar","Kalyanpur"
"Gujarat","Jamnagar","Khambhaliya"
"Gujarat","Jamnagar","Lalpur"
"Gujarat","Jamnagar","n.a. ( 1037)"
"Gujarat","Jamnagar","n.a. ( 1049)"
"Gujarat","Jamnagar","n.a. ( 1082)"
"Gujarat","Jamnagar","n.a. ( 1087)"
"Gujarat","Jamnagar","n.a. ( 1089)"
"Gujarat","Jamnagar","n.a. ( 1090)"
"Gujarat","Jamnagar","n.a. ( 1096)"
"Gujarat","Jamnagar","n.a. ( 1103)"
"Gujarat","Jamnagar","n.a. ( 1106)"
"Gujarat","Junagadh","Bhesan"
"Gujarat","Junagadh","Junagadh"
"Gujarat","Junagadh","Keshod"
"Gujarat","Junagadh","Maliya"
"Gujarat","Junagadh","Manavadar"
"Gujarat","Junagadh","Mangrol"
"Gujarat","Junagadh","Mendarda"
"Gujarat","Junagadh","n.a. ( 1315)"
"Gujarat","Junagadh","n.a. ( 1337)"
"Gujarat","Junagadh","Talala"
"Gujarat","Junagadh","Una"
"Gujarat","Junagadh","Vanthli"
"Gujarat","Junagadh","Veraval"
"Gujarat","Junagadh","Visavadar"
"Gujarat","Kachchh","Anjar"
"Gujarat","Kachchh","Bhachau"
"Gujarat","Kachchh","Bhuj"
"Gujarat","Kachchh","Lakhpat"
"Gujarat","Kachchh","Mandvi"
"Gujarat","Kachchh","Mundra"
"Gujarat","Kachchh","n.a. ( 1070)"
"Gujarat","Kachchh","n.a. ( 1074)"
"Gujarat","Kachchh","n.a. ( 1075)"
"Gujarat","Kachchh","n.a. ( 913)"
"Gujarat","Kachchh","Nakhtarana"
"Gujarat","Kachchh","Naliya"
"Gujarat","Kachchh","Rapar"
"Gujarat","Kheda","Kapadvanj"
"Gujarat","Kheda","Mahemdavad"
"Gujarat","Kheda","Matar"
"Gujarat","Kheda","Nadiad"
"Gujarat","Kheda","Thasra"
"Gujarat","Kheda","Vadasinor"
"Gujarat","Mahesana","Chanasma"
"Gujarat","Mahesana","Kadi"
"Gujarat","Mahesana","Kheralu"
"Gujarat","Mahesana","Mahesana"
"Gujarat","Mahesana","Vijapur"
"Gujarat","Mahesana","Visnagar"
"Gujarat","Narmada","Dediapada"
"Gujarat","Narmada","Rajpipla"
"Gujarat","Narmada","Sagbara"
"Gujarat","Navsari","Chikhli"
"Gujarat","Navsari","Gandevi"
"Gujarat","Navsari","Navsari"
"Gujarat","Navsari","Vansada"
"Gujarat","Panch Mahals","Godhra"
"Gujarat","Panch Mahals","Halol"
"Gujarat","Panch Mahals","Jambughoda"
"Gujarat","Panch Mahals","Kalol"
"Gujarat","Panch Mahals","Lunavada"
"Gujarat","Panch Mahals","Shehera"
"Gujarat","Patan","Harij"
"Gujarat","Patan","n.a. ( 922)"
"Gujarat","Patan","n.a. ( 930)"
"Gujarat","Patan","Patan"
"Gujarat","Patan","Radhanpur"
"Gujarat","Patan","Sami"
"Gujarat","Patan","Santalpur"
"Gujarat","Patan","Siddhapur"
"Gujarat","Porbandar","Kutiyana"
"Gujarat","Porbandar","Porbandar"
"Gujarat","Porbandar","Ranavav"
"Gujarat","Rajkot","Dhoraji"
"Gujarat","Rajkot","Gondal"
"Gujarat","Rajkot","Jam Kandorna"
"Gujarat","Rajkot","Jasdan"
"Gujarat","Rajkot","Jetpur"
"Gujarat","Rajkot","Kotda Sangani"
"Gujarat","Rajkot","Lodhi ka Mahal"
"Gujarat","Rajkot","Maliya Miyana"
"Gujarat","Rajkot","Morbi"
"Gujarat","Rajkot","n.a. ( 1171)"
"Gujarat","Rajkot","n.a. ( 1182)"
"Gujarat","Rajkot","Padadhari"
"Gujarat","Rajkot","Rajkot"
"Gujarat","Rajkot","Upleta"
"Gujarat","Rajkot","Wankaner"
"Gujarat","Sabar Kantha","Bayad"
"Gujarat","Sabar Kantha","Bhiloda"
"Gujarat","Sabar Kantha","Himatnagar"
"Gujarat","Sabar Kantha","Idar"
"Gujarat","Sabar Kantha","Khed Brahma"
"Gujarat","Sabar Kantha","Meghraj"
"Gujarat","Sabar Kantha","Modasa"
"Gujarat","Sabar Kantha","Prantij"
"Gujarat","Sabar Kantha","Vijayanagar"
"Gujarat","Surat","Bardoli"
"Gujarat","Surat","Chorasi"
"Gujarat","Surat","Kamrej"
"Gujarat","Surat","Mahuva"
"Gujarat","Vadodara","Chhota Udaipur"
"Gujarat","Vadodara","Dabhoi"
"Gujarat","Vadodara","Jetpur Pavi"
"Gujarat","Vadodara","Karjan"
"Gujarat","Vadodara","Naswadi"
"Gujarat","Vadodara","Padra"
"Gujarat","Vadodara","Sankheda"
"Gujarat","Vadodara","Savli"
"Gujarat","Vadodara","Sinor"
"Gujarat","Vadodara","Tilakwada"
"Gujarat","Vadodara","Vadodara"
"Gujarat","Vadodara","Waghoriya"
"Gujarat","Valsad","Dharampur"
"Gujarat","Valsad","Pardi"
"Gujarat","Valsad","Umargam"
"Gujarat","Valsad","Valsad"
"Haryana","Ambala","Ambala"
"Haryana","Ambala","Narayangarh"
"Haryana","Bhiwani","Bawani Khera"
"Haryana","Bhiwani","Bhiwani"
"Haryana","Bhiwani","Dadri"
"Haryana","Bhiwani","Loharu"
"Haryana","Bhiwani","Siwani"
"Haryana","Faridabad","Faridabad"
"Haryana","Faridabad","Hathin"
"Haryana","Faridabad","Palwal"
"Haryana","Fatehabad","Fatehabad"
"Haryana","Fatehabad","Ratia"
"Haryana","Fatehabad","Tohana"
"Haryana","Gurgaon","Firozpur Jhirka"
"Haryana","Gurgaon","Gurgaon"
"Haryana","Gurgaon","Nuh"
"Haryana","Gurgaon","Pataudi"
"Haryana","Hisar","Hansi"
"Haryana","Hisar","Hisar"
"Haryana","Jhajjar","Bahadurgarh"
"Haryana","Jhajjar","Jhajjar"
"Haryana","Jhajjar","Kosli"
"Haryana","Jind","Jind"
"Haryana","Jind","Narwana"
"Haryana","Jind","Safidon"
"Haryana","Kaithal","Gulha"
"Haryana","Kaithal","Kaithal"
"Haryana","Karnal","Asandh"
"Haryana","Karnal","Karnal"
"Haryana","Kurukshetra","Pehowa"
"Haryana","Kurukshetra","Thanesar"
"Haryana","Mahendragarh","Mahendragarh"
"Haryana","Mahendragarh","Narnaul"
"Haryana","Panchkula","Kalka"
"Haryana","Panipat","Panipat"
"Haryana","Rewari","Bawal"
"Haryana","Rewari","Rewari"
"Haryana","Rohtak","Maham"
"Haryana","Rohtak","Rohtak"
"Haryana","Sirsa","Dabwali"
"Haryana","Sirsa","Sirsa"
"Haryana","Sonepat","Ganaur"
"Haryana","Sonepat","Gohana"
"Haryana","Sonepat","Sonipat"
"Haryana","Yamuna Nagar","Jagadhri"
"Himachal Pradesh","Bilaspur","Bilaspur"
"Himachal Pradesh","Bilaspur","Ghumarwin"
"Himachal Pradesh","Chamba","Brahmaur"
"Himachal Pradesh","Chamba","Chamba"
"Himachal Pradesh","Chamba","Chaurah"
"Himachal Pradesh","Chamba","Dalhousie"
"Himachal Pradesh","Chamba","Pangi"
"Himachal Pradesh","Chamba","Saluni"
"Himachal Pradesh","Hamirpur","Barsar"
"Himachal Pradesh","Hamirpur","Bhoranj"
"Himachal Pradesh","Hamirpur","Hamirpur"
"Himachal Pradesh","Hamirpur","Nadaun"
"Himachal Pradesh","Kangra","Baijnath"
"Himachal Pradesh","Mandi","Jogindarnagar"
"Himachal Pradesh","Mandi","Karsog"
"Himachal Pradesh","Mandi","Mandi"
"Himachal Pradesh","Mandi","Sarkaghat"
"Himachal Pradesh","Mandi","Sundarnagar"
"Himachal Pradesh","Mandi","Thunag"
"Himachal Pradesh","Shimla","Chaupal"
"Himachal Pradesh","Shimla","Jubbal"
"Himachal Pradesh","Shimla","Kotkhai"
"Himachal Pradesh","Shimla","Kumharsain"
"Himachal Pradesh","Shimla","n.a. ( 75)"
"Himachal Pradesh","Shimla","n.a. ( 89)"
"Himachal Pradesh","Shimla","Rampur"
"Himachal Pradesh","Shimla","Rohru"
"Himachal Pradesh","Shimla","Shimla"
"Himachal Pradesh","Shimla","Suni"
"Himachal Pradesh","Shimla","Theog"
"Himachal Pradesh","Sirmaur","Nahan"
"Himachal Pradesh","Sirmaur","Pachhad"
"Himachal Pradesh","Sirmaur","Paonta"
"Himachal Pradesh","Sirmaur","Rajgarh"
"Himachal Pradesh","Sirmaur","Renuka"
"Himachal Pradesh","Sirmaur","Shilla"
"Himachal Pradesh","Solan","Arki"
"Himachal Pradesh","Solan","Kandaghat"
"Himachal Pradesh","Solan","Kasauli"
"Himachal Pradesh","Solan","Nalagarh"
"Himachal Pradesh","Solan","Solan"
"Himachal Pradesh","Una","Amb"
"Himachal Pradesh","Una","Una"
"Jammu and Kashmir","Anantnag (Kashmir South)","n.a. ( 6)"
"Jammu and Kashmir","Bagdam","n.a. ( 8)"
"Jammu and Kashmir","Baramula (Kashmir North)","n.a. ( 4)"
"Jammu and Kashmir","Doda","n.a. ( 7)"
"Jammu and Kashmir","Jammu","n.a. ( 16)"
"Jammu and Kashmir","Kargil","n.a. ( 3)"
"Jammu and Kashmir","Kathua","n.a. ( 20)"
"Jammu and Kashmir","Kupwara (Muzaffarabad)","n.a. ( 2)"
"Jammu and Kashmir","Ladakh (Leh)","n.a. ( 1)"
"Jammu and Kashmir","Pulwama","n.a. ( 10)"
"Jammu and Kashmir","Punch","n.a. ( 9)"
"Jammu and Kashmir","Rajauri","n.a. ( 11)"
"Jammu and Kashmir","Srinagar","n.a. ( 5)"
"Jammu and Kashmir","Udhampur","n.a. ( 12)"
"Jammu and Kashmir","Udhampur","n.a. ( 15)"
"Jharkhand","Bokaro","Bermo"
"Jharkhand","Bokaro","n.a. ( 902)"
"Jharkhand","Chatra","Chatra"
"Jharkhand","Deoghar","Devghar"
"Jharkhand","Dhanbad","Baghmara"
"Jharkhand","Dhanbad","Dhanbad"
"Jharkhand","Dumka","Dumka"
"Jharkhand","Garhwa","Garhwa"
"Jharkhand","Giridih","Giridih"
"Jharkhand","Godda","Godda"
"Jharkhand","Gumla","Gumla"
"Jharkhand","Hazaribag","Hazaribag"
"Jharkhand","Jamtara","Jamtara"
"Jharkhand","Koderma","Kodarma"
"Jharkhand","Latehar","Latehar"
"Jharkhand","Lohardaga","Lohardaga"
"Jharkhand","Pakur","Pakaur"
"Jharkhand","Palamu","Daltenganj"
"Jharkhand","Pashchim Singhbhum","Chaibasa"
"Jharkhand","Pashchim Singhbhum","Chakradharpur"
"Jharkhand","Purba Singhbhum","Jamshedpur"
"Jharkhand","Ranchi","Khunti"
"Jharkhand","Ranchi","Ranchi"
"Jharkhand","Sahibganj","Sahibganj"
"Karnataka","Belgaum","Gokak"
"Karnataka","Belgaum","Hukeri"
"Karnataka","Belgaum","Khanapur"
"Karnataka","Belgaum","Ramdurg"
"Karnataka","Belgaum","Raybag"
"Karnataka","Belgaum","Saundatti"
"Karnataka","Bellary","Bellary"
"Karnataka","Bellary","Hagaribommanahalli"
"Karnataka","Bellary","Hospet"
"Karnataka","Bellary","Huvvinahadagalli"
"Karnataka","Bellary","Kudligi"
"Karnataka","Bellary","Sandur"
"Karnataka","Bellary","Siruguppa"
"Karnataka","Bidar","Aurad"
"Karnataka","Bidar","Basavakalyan"
"Karnataka","Bidar","Bhalki"
"Karnataka","Bidar","Bidar"
"Karnataka","Bidar","Homnabad"
"Karnataka","Bijapur","Basavana Bagevadi"
"Karnataka","Bijapur","Bijapur"
"Karnataka","Bijapur","Indi"
"Karnataka","Bijapur","Muddebihal"
"Karnataka","Bijapur","Sindgi"
"Karnataka","Chamrajnagar","Chamrajnagar"
"Karnataka","Chamrajnagar","Gundlupet"
"Karnataka","Chamrajnagar","Kollegal"
"Karnataka","Chamrajnagar","Yelandur"
"Karnataka","Chikmagalur","Chikmagalur"
"Karnataka","Chikmagalur","Kadur"
"Karnataka","Chikmagalur","Koppa"
"Karnataka","Chikmagalur","Mudigere"
"Karnataka","Chikmagalur","Narasimharajapura"
"Karnataka","Chikmagalur","Sringeri"
"Karnataka","Chikmagalur","Tarikere"
"Karnataka","Chitradurga","Challakere"
"Karnataka","Chitradurga","Chitradurga"
"Karnataka","Chitradurga","Hiriyur"
"Karnataka","Chitradurga","Holalkere"
"Karnataka","Chitradurga","Hosdurga"
"Karnataka","Chitradurga","Molakalmuru"
"Karnataka","Dakshin Kannad","Bantval"
"Karnataka","Dakshin Kannad","Beltangadi"
"Karnataka","Dakshin Kannad","Mangalore"
"Karnataka","Dakshin Kannad","Puttur"
"Karnataka","Dakshin Kannad","Sulya"
"Karnataka","Davanagere","Bhadravati"
"Karnataka","Davanagere","Channagiri"
"Karnataka","Davanagere","Davangere"
"Karnataka","Davanagere","Harihar"
"Karnataka","Davanagere","Harpanahalli"
"Karnataka","Davanagere","Honnali"
"Karnataka","Davanagere","Jagalur"
"Karnataka","Dharwad","Dharwad"
"Karnataka","Dharwad","Hubli"
"Karnataka","Dharwad","Kalghatgi"
"Karnataka","Dharwad","Kundgol"
"Karnataka","Dharwad","n.a. ( 1897)"
"Karnataka","Dharwad","Navalgund"
"Karnataka","Gadag","Gadag"
"Karnataka","Gadag","Mundargi"
"Karnataka","Gadag","Nargund"
"Karnataka","Gadag","Ron"
"Karnataka","Gadag","Shirhatti"
"Karnataka","Gulbarga","Afzalpur"
"Karnataka","Gulbarga","Aland"
"Karnataka","Gulbarga","Chincholi"
"Karnataka","Gulbarga","Chitapur"
"Karnataka","Gulbarga","Gulbarga"
"Karnataka","Gulbarga","Jevargi"
"Karnataka","Gulbarga","Seram"
"Karnataka","Gulbarga","Shahpur"
"Karnataka","Gulbarga","Shorapur"
"Karnataka","Gulbarga","Yadgir"
"Karnataka","Hassan","Alur"
"Karnataka","Hassan","Arkalgud"
"Karnataka","Hassan","Arsikere"
"Karnataka","Hassan","Belur"
"Karnataka","Hassan","Channarayapatna"
"Karnataka","Hassan","Hassan"
"Karnataka","Hassan","Holenarsipur"
"Karnataka","Hassan","Sakleshpur"
"Karnataka","Haveri","Byadgi"
"Karnataka","Haveri","Hangal"
"Karnataka","Haveri","Haveri"
"Karnataka","Haveri","Hirekerur"
"Karnataka","Haveri","Ranibennur"
"Karnataka","Haveri","Savanur"
"Karnataka","Haveri","Shiggaon"
"Karnataka","Kodagu","Madikeri"
"Karnataka","Kodagu","Somvarpet"
"Karnataka","Kodagu","Virarajendrapet"
"Karnataka","Kolar","Bagepalli"
"Karnataka","Kolar","Bangarapet"
"Karnataka","Kolar","Chik Ballapur"
"Karnataka","Kolar","Chintamani"
"Karnataka","Kolar","Gauribidanur"
"Karnataka","Kolar","Gudibanda"
"Karnataka","Kolar","Kolar"
"Karnataka","Kolar","Malur"
"Karnataka","Kolar","Mulbagal"
"Karnataka","Kolar","Sidlaghatta"
"Karnataka","Kolar","Srinivaspur"
"Karnataka","Koppal","Gangawati"
"Karnataka","Koppal","Koppal"
"Karnataka","Koppal","Kushtagi"
"Karnataka","Koppal","Yelbarga"
"Karnataka","Mandya","Krishnarajpet"
"Karnataka","Mandya","Maddur"
"Karnataka","Mandya","Malavalli"
"Karnataka","Mandya","Mandya"
"Karnataka","Mandya","Nagamangala"
"Karnataka","Mandya","Pandavapura"
"Karnataka","Mandya","Shrirangapattana"
"Karnataka","Mysore","Heggadadevankote"
"Karnataka","Mysore","Hunsur"
"Karnataka","Mysore","Krishnarajanagara"
"Karnataka","Mysore","Mysore"
"Karnataka","Mysore","Nanjangud"
"Karnataka","Mysore","Piriyapatna"
"Karnataka","Mysore","Tirumakudal Narsipur"
"Karnataka","Raichur","Deodrug"
"Karnataka","Raichur","Lingsugur"
"Karnataka","Raichur","Manvi"
"Karnataka","Raichur","Raichur"
"Karnataka","Raichur","Sindhnur"
"Karnataka","Shimoga","Hosanagara"
"Karnataka","Shimoga","Sagar"
"Karnataka","Shimoga","Shikarpur"
"Karnataka","Shimoga","Shimoga"
"Karnataka","Shimoga","Sorab"
"Karnataka","Shimoga","Tirthalli"
"Karnataka","Tumkur","Chiknayakanhalli"
"Karnataka","Tumkur","Gubbi"
"Karnataka","Tumkur","Koratagere"
"Karnataka","Tumkur","Kunigal"
"Karnataka","Tumkur","Madhugiri"
"Karnataka","Tumkur","Pavagada"
"Karnataka","Tumkur","Sira"
"Karnataka","Tumkur","Tiptur"
"Karnataka","Tumkur","Tumkur"
"Karnataka","Tumkur","Turuvekere"
"Karnataka","Udupi","Karkal"
"Karnataka","Udupi","Kundapura"
"Karnataka","Udupi","Udupi"
"Karnataka","Uttar Kannand","Ankola"
"Karnataka","Uttar Kannand","Bhatkal"
"Karnataka","Uttar Kannand","Haliyal"
"Karnataka","Uttar Kannand","Honavar"
"Karnataka","Uttar Kannand","Karwar"
"Karnataka","Uttar Kannand","Kumta"
"Karnataka","Uttar Kannand","Mundgod"
"Karnataka","Uttar Kannand","Siddapur"
"Karnataka","Uttar Kannand","Sirsi"
"Karnataka","Uttar Kannand","Supa"
"Karnataka","Uttar Kannand","Yellapur"
"Kerala","Alappuzha","Alleppey"
"Kerala","Alappuzha","Chengannur"
"Kerala","Alappuzha","Haripad"
"Kerala","Alappuzha","Mankombu"
"Kerala","Alappuzha","Mavelikara"
"Kerala","Alappuzha","n.a. ( 2250)"
"Kerala","Alappuzha","Shertallai"
"Kerala","Ernakulam","Alwaye"
"Kerala","Ernakulam","Cochin"
"Kerala","Ernakulam","Ernakulam"
"Kerala","Ernakulam","Kotamangalam"
"Kerala","Ernakulam","Muvattupula"
"Kerala","Ernakulam","Parur"
"Kerala","Ernakulam","Perumbavur"
"Kerala","Idukki","Devikolam"
"Kerala","Idukki","Pirmed"
"Kerala","Idukki","Todupulai"
"Kerala","Idukki","Udumbanchola"
"Kerala","Kannur","Cannanore"
"Kerala","Kannur","Talipparamba"
"Kerala","Kannur","Tellicherry"
"Kerala","Kasaragod","Hosdurg"
"Kerala","Kasaragod","Kasaragod"
"Kerala","Kollam","Karunagapalli"
"Kerala","Kollam","Kottarakara"
"Kerala","Kollam","Kunnattur"
"Kerala","Kollam","Punalur"
"Kerala","Kollam","Quilon"
"Kerala","Kottayam","Changanacheri"
"Kerala","Kottayam","Kanjirapalli"
"Kerala","Kottayam","Kottayam"
"Kerala","Kottayam","Pala (Lalam)"
"Kerala","Kottayam","Vaikam"
"Kerala","Kozhikode","Kozhikode"
"Kerala","Kozhikode","Mahe"
"Kerala","Kozhikode","Quilandi"
"Kerala","Malappuram","Malappuram"
"Kerala","Malappuram","Perintalmanna"
"Kerala","Malappuram","Ponnani"
"Kerala","Malappuram","Tirur"
"Kerala","Palakkad","Alattur"
"Kerala","Palakkad","Chittur"
"Kerala","Palakkad","Mannarkkad"
"Kerala","Palakkad","Ottappalam"
"Kerala","Palakkad","Palghat"
"Kerala","Pattanamtitta","Adur"
"Kerala","Pattanamtitta","Mallapalli"
"Kerala","Pattanamtitta","n.a. ( 2275)"
"Kerala","Pattanamtitta","Rani"
"Kerala","Pattanamtitta","Tiruvalla"
"Kerala","Thiruvananthapuram","Chirayinkil"
"Kerala","Thiruvananthapuram","Nedumangad"
"Kerala","Thiruvananthapuram","Neyyattinkara"
"Kerala","Thiruvananthapuram","Trivandrum"
"Kerala","Thrissur","Chavakkad"
"Kerala","Thrissur","Irinjalakuda"
"Kerala","Thrissur","Kodungallur"
"Kerala","Thrissur","Trichur"
"Kerala","Thrissur","Vadakkancheri"
"Kerala","Wayanad","Manantavadi"
"Kerala","Wayanad","Sultans Battery"
"Kerala","Wayanad","Vayittiri"
"Lakshadweep","Kavaratti","Amini Island"
"Lakshadweep","Kavaratti","Androth Island"
"Lakshadweep","Kavaratti","Kavaratti"
"Lakshadweep","Kavaratti","Minicoy Island"
"Lakshadweep","Kavaratti","n.a. ( 2239)"
"Madhya Pradesh","Anuppur","Anuppur"
"Madhya Pradesh","Ashoknagar","Ashoknagar"
"Madhya Pradesh","Ashoknagar","Chanderi"
"Madhya Pradesh","Ashoknagar","Mungaoli"
"Madhya Pradesh","Balaghat","Baihar"
"Madhya Pradesh","Balaghat","Balaghat"
"Madhya Pradesh","Balaghat","Lanji"
"Madhya Pradesh","Balaghat","Waraseoni"
"Madhya Pradesh","Barwani","Barwani"
"Madhya Pradesh","Barwani","Pansemal"
"Madhya Pradesh","Barwani","Rajpur"
"Madhya Pradesh","Barwani","Sendhwa"
"Madhya Pradesh","Betul","Betul"
"Madhya Pradesh","Betul","Bhainsdehi"
"Madhya Pradesh","Betul","Multai"
"Madhya Pradesh","Bhind","Bhind"
"Madhya Pradesh","Bhind","Gohad"
"Madhya Pradesh","Bhind","Lahar"
"Madhya Pradesh","Bhind","Mahgawan"
"Madhya Pradesh","Bhopal","Berasia"
"Madhya Pradesh","Bhopal","Bhopal"
"Madhya Pradesh","Burhanpur","Burhanpur"
"Madhya Pradesh","Chhatarpur","Bijawar"
"Madhya Pradesh","Chhatarpur","Chhatarpur"
"Madhya Pradesh","Chhatarpur","Lauri"
"Madhya Pradesh","Chhindwara","Amarwara"
"Madhya Pradesh","Chhindwara","Chhindwara"
"Madhya Pradesh","Chhindwara","Parasia"
"Madhya Pradesh","Chhindwara","Sausar"
"Madhya Pradesh","Damoh","Damoh"
"Madhya Pradesh","Damoh","Hatta"
"Madhya Pradesh","Datia","Bhander"
"Madhya Pradesh","Datia","Datia"
"Madhya Pradesh","Datia","Seondha"
"Madhya Pradesh","Dewas","Bagli"
"Madhya Pradesh","Dewas","Dewas"
"Madhya Pradesh","Dewas","Kannod"
"Madhya Pradesh","Dewas","Khategaon"
"Madhya Pradesh","Dewas","Sonkach"
"Madhya Pradesh","Dhar","Badnawar"
"Madhya Pradesh","Dhar","Dhar"
"Madhya Pradesh","Dhar","Kukshi"
"Madhya Pradesh","Dhar","Manawar"
"Madhya Pradesh","Dhar","Sardarpur"
"Madhya Pradesh","Dindori","Dindori"
"Madhya Pradesh","East Nimar","Harsud"
"Madhya Pradesh","East Nimar","Khandwa"
"Madhya Pradesh","Guna","Chachaura"
"Madhya Pradesh","Guna","Guna"
"Madhya Pradesh","Guna","Raghogarh"
"Madhya Pradesh","Gwalior","Dabra"
"Madhya Pradesh","Gwalior","Gwalior"
"Madhya Pradesh","Harda","Harda"
"Madhya Pradesh","Hoshangabad","Babai"
"Madhya Pradesh","Hoshangabad","Hoshangabad"
"Madhya Pradesh","Hoshangabad","Itarsi"
"Madhya Pradesh","Hoshangabad","Piparia"
"Madhya Pradesh","Hoshangabad","Seonimalwa"
"Madhya Pradesh","Hoshangabad","Sohagpur"
"Madhya Pradesh","Indore","Depalpur"
"Madhya Pradesh","Indore","Indore"
"Madhya Pradesh","Indore","Mhow"
"Madhya Pradesh","Indore","Sanwer"
"Madhya Pradesh","Jabalpur","Jabalpur"
"Madhya Pradesh","Jabalpur","Patan"
"Madhya Pradesh","Jhabua","Alirajpur"
"Madhya Pradesh","Jhabua","Jhabua"
"Madhya Pradesh","Jhabua","Jobat"
"Madhya Pradesh","Jhabua","Petlawad"
"Madhya Pradesh","Jhabua","Thandla"
"Madhya Pradesh","Katni","Murwara"
"Madhya Pradesh","Katni","Sihora"
"Madhya Pradesh","Mandla","Mandla"
"Madhya Pradesh","Mandla","Niwas"
"Madhya Pradesh","Mandsaur","Bhanpura"
"Madhya Pradesh","Mandsaur","Garot"
"Madhya Pradesh","Mandsaur","Malhargarh"
"Madhya Pradesh","Mandsaur","Mandsaur"
"Madhya Pradesh","Mandsaur","Sitamau"
"Madhya Pradesh","Morena","Ambah"
"Madhya Pradesh","Morena","Jora"
"Madhya Pradesh","Morena","Morena"
"Madhya Pradesh","Morena","Sabalgarh"
"Madhya Pradesh","Narsinghpur","Gadarwara"
"Madhya Pradesh","Narsinghpur","Narsimhapur"
"Madhya Pradesh","Neemuch","Jawad"
"Madhya Pradesh","Neemuch","Manasa"
"Madhya Pradesh","Neemuch","Nimach"
"Madhya Pradesh","Panna","Ajaigarh"
"Madhya Pradesh","Panna","Panna"
"Madhya Pradesh","Panna","Pawai"
"Madhya Pradesh","Raisen","Bareli"
"Madhya Pradesh","Raisen","Begamganj"
"Madhya Pradesh","Raisen","Gairatganj"
"Madhya Pradesh","Raisen","Goharganj"
"Madhya Pradesh","Raisen","Raisen"
"Madhya Pradesh","Raisen","Silvani"
"Madhya Pradesh","Raisen","Udaipura"
"Madhya Pradesh","Rajgarh","Biaora"
"Madhya Pradesh","Rajgarh","Khilchipur"
"Madhya Pradesh","Rajgarh","Narsinghgarh"
"Madhya Pradesh","Rajgarh","Rajgarh"
"Madhya Pradesh","Rajgarh","Sarangpur"
"Madhya Pradesh","Ratlam","Alot"
"Madhya Pradesh","Ratlam","Jaora"
"Madhya Pradesh","Ratlam","Ratlam"
"Madhya Pradesh","Ratlam","Sailana"
"Madhya Pradesh","Rewa","Mauganj"
"Madhya Pradesh","Rewa","Rewa"
"Madhya Pradesh","Rewa","Sirmaur"
"Madhya Pradesh","Rewa","Teonthar"
"Madhya Pradesh","Sagar","Banda"
"Madhya Pradesh","Sagar","Khurai"
"Madhya Pradesh","Sagar","Rehli"
"Madhya Pradesh","Sagar","Sagar"
"Madhya Pradesh","Satna","Amarpatan"
"Madhya Pradesh","Satna","Maihar"
"Madhya Pradesh","Satna","Nagod"
"Madhya Pradesh","Satna","Satna"
"Madhya Pradesh","Sehore","Ashta"
"Madhya Pradesh","Sehore","Budhni"
"Madhya Pradesh","Sehore","Ichhawar"
"Madhya Pradesh","Sehore","Nasrullahganj"
"Madhya Pradesh","Sehore","Sehore"
"Madhya Pradesh","Seoni","Lakhnadon"
"Madhya Pradesh","Seoni","Seoni"
"Madhya Pradesh","Shahdol","Beohari"
"Madhya Pradesh","Shahdol","Jaisinghnagar"
"Madhya Pradesh","Shahdol","Rajendragram"
"Madhya Pradesh","Shahdol","Shahdol"
"Madhya Pradesh","Shajapur","Agar"
"Madhya Pradesh","Shajapur","Shajapur"
"Madhya Pradesh","Shajapur","Shujalpur"
"Madhya Pradesh","Shajapur","Susner"
"Madhya Pradesh","Sheopur","Bijaipur"
"Madhya Pradesh","Sheopur","Sheopur"
"Madhya Pradesh","Shivpuri","Karera"
"Madhya Pradesh","Shivpuri","Kolaras"
"Madhya Pradesh","Shivpuri","Pichor"
"Madhya Pradesh","Shivpuri","Pohri"
"Madhya Pradesh","Shivpuri","Shivpuri"
"Madhya Pradesh","Sidhi","Devsar"
"Madhya Pradesh","Sidhi","Sidhi"
"Madhya Pradesh","Sidhi","Singrauli"
"Madhya Pradesh","Tikamgarh","Jatara"
"Madhya Pradesh","Tikamgarh","Nivari"
"Madhya Pradesh","Tikamgarh","Tikamgarh"
"Madhya Pradesh","Ujjain","Barnagar"
"Madhya Pradesh","Ujjain","Khachrod"
"Madhya Pradesh","Ujjain","Mehidpur"
"Madhya Pradesh","Ujjain","Tarana"
"Madhya Pradesh","Ujjain","Ujjain"
"Madhya Pradesh","Umaria","Bandhogarh"
"Madhya Pradesh","Vidisha","Basoda"
"Madhya Pradesh","Vidisha","Korwai"
"Madhya Pradesh","Vidisha","Leteri"
"Madhya Pradesh","Vidisha","Sironj"
"Madhya Pradesh","Vidisha","Vidisha"
"Madhya Pradesh","West Nimar","Barwah"
"Madhya Pradesh","West Nimar","Bhagwanpur"
"Madhya Pradesh","West Nimar","Bhikangaon"
"Madhya Pradesh","West Nimar","Jhirnia"
"Madhya Pradesh","West Nimar","Kasrawad"
"Madhya Pradesh","West Nimar","Khargon"
"Madhya Pradesh","West Nimar","Maheshwar"
"Madhya Pradesh","West Nimar","Segaon"
"Maharashtra","Ahmednagar","Ahmadnagar"
"Maharashtra","Ahmednagar","Akola"
"Maharashtra","Ahmednagar","Karjat"
"Maharashtra","Ahmednagar","Kopargaon"
"Maharashtra","Ahmednagar","Nevasa"
"Maharashtra","Ahmednagar","Parner"
"Maharashtra","Ahmednagar","Pathardi"
"Maharashtra","Ahmednagar","Rahuri"
"Maharashtra","Ahmednagar","Sangamner"
"Maharashtra","Ahmednagar","Shevgaon"
"Maharashtra","Ahmednagar","Shrigonda"
"Maharashtra","Ahmednagar","Shrirampur"
"Maharashtra","Akola","Akola"
"Maharashtra","Akola","Akot"
"Maharashtra","Akola","Barsi Takli"
"Maharashtra","Akola","Murtajapur"
"Maharashtra","Akola","Patur"
"Maharashtra","Akola","Telhara"
"Maharashtra","Amravati","Achalpur"
"Maharashtra","Amravati","Amravati"
"Maharashtra","Amravati","Anjangaon"
"Maharashtra","Amravati","Bhatkuli Jain"
"Maharashtra","Amravati","Chandur Bazar"
"Maharashtra","Amravati","Chandur"
"Maharashtra","Amravati","Chikhaldara"
"Maharashtra","Amravati","Daryapur"
"Maharashtra","Amravati","Dharni"
"Maharashtra","Amravati","Morshi"
"Maharashtra","Amravati","Nandgaon Khandeshwar"
"Maharashtra","Amravati","Tivsa"
"Maharashtra","Amravati","Warud"
"Maharashtra","Aurangabad","Aurangabad"
"Maharashtra","Aurangabad","Gangapur"
"Maharashtra","Aurangabad","Kannad"
"Maharashtra","Aurangabad","Khuldabad"
"Maharashtra","Aurangabad","Paithan"
"Maharashtra","Aurangabad","Sillod"
"Maharashtra","Aurangabad","Soygaon"
"Maharashtra","Aurangabad","Vaijapur"
"Maharashtra","Bhandara","Amgaon"
"Maharashtra","Bhandara","Bhandara"
"Maharashtra","Bhandara","Lakhandur"
"Maharashtra","Bhandara","Mohari"
"Maharashtra","Bhandara","Pawni"
"Maharashtra","Bhandara","Sakoli"
"Maharashtra","Bhandara","Salekasa"
"Maharashtra","Bhandara","Tumsar"
"Maharashtra","Bid","Ambajogai"
"Maharashtra","Bid","Ashti"
"Maharashtra","Bid","Bid"
"Maharashtra","Bid","Gevrai"
"Maharashtra","Bid","Jamkhed"
"Maharashtra","Bid","Kaij"
"Maharashtra","Bid","Majalgaon"
"Maharashtra","Bid","Patoda"
"Maharashtra","Buldana","Chikhli"
"Maharashtra","Buldana","Jalgaon"
"Maharashtra","Buldana","Lonar"
"Maharashtra","Buldana","Malkapur"
"Maharashtra","Buldana","n.a. ( 1378)"
"Maharashtra","Buldana","Nandura"
"Maharashtra","Buldana","Sangrampur"
"Maharashtra","Buldana","Sindkhed Raja"
"Maharashtra","Chandrapur","Bhadravathi"
"Maharashtra","Chandrapur","Bramhapuri"
"Maharashtra","Chandrapur","Chandrapur"
"Maharashtra","Chandrapur","Chimur"
"Maharashtra","Chandrapur","Gond Pipri"
"Maharashtra","Chandrapur","Mul"
"Maharashtra","Chandrapur","Nagbhir"
"Maharashtra","Chandrapur","Rajura"
"Maharashtra","Chandrapur","Sindewahi"
"Maharashtra","Chandrapur","Warora"
"Maharashtra","Dhule","Dhule"
"Maharashtra","Dhule","Sakri"
"Maharashtra","Dhule","Shirpur"
"Maharashtra","Dhule","Sindkheda"
"Maharashtra","Garhchiroli","Ahiri"
"Maharashtra","Garhchiroli","Armori"
"Maharashtra","Garhchiroli","Chamursi"
"Maharashtra","Garhchiroli","Dhanora"
"Maharashtra","Garhchiroli","Garhchiroli"
"Maharashtra","Garhchiroli","Itapalli"
"Maharashtra","Garhchiroli","Kurkheda"
"Maharashtra","Garhchiroli","Sironcha"
"Maharashtra","Gondiya","Arjuni Morgaon"
"Maharashtra","Gondiya","Deori"
"Maharashtra","Gondiya","Gondia"
"Maharashtra","Gondiya","Goregaon"
"Maharashtra","Gondiya","Tirora"
"Maharashtra","Greater Bombay","Bombay"
"Maharashtra","Greater Bombay","n.a. ( 1549)"
"Maharashtra","Greater Bombay","n.a. ( 1551)"
"Maharashtra","Greater Bombay","n.a. ( 1556)"
"Maharashtra","Greater Bombay","n.a. ( 1557)"
"Maharashtra","Greater Bombay","n.a. ( 1558)"
"Maharashtra","Greater Bombay","n.a. ( 1565)"
"Maharashtra","Greater Bombay","n.a. ( 1569)"
"Maharashtra","Greater Bombay","n.a. ( 1571)"
"Maharashtra","Greater Bombay","Thane"
"Maharashtra","Hingoli","Basmat"
"Maharashtra","Hingoli","Hingoli"
"Maharashtra","Hingoli","Kalamnuri"
"Maharashtra","Jalgaon","Amalner"
"Maharashtra","Jalgaon","Bhadgaon"
"Maharashtra","Jalgaon","Bhusawal"
"Maharashtra","Jalgaon","Chalisgaon"
"Maharashtra","Jalgaon","Chopda"
"Maharashtra","Jalgaon","Edalabad"
"Maharashtra","Jalgaon","Erandol"
"Maharashtra","Jalgaon","Jalgaon"
"Maharashtra","Jalgaon","Jamner"
"Maharashtra","Jalgaon","Pachora"
"Maharashtra","Jalgaon","Parola"
"Maharashtra","Jalgaon","Raver"
"Maharashtra","Jalgaon","Yaval"
"Maharashtra","Jalna","Ambad"
"Maharashtra","Jalna","Bhokardan"
"Maharashtra","Jalna","Jalna"
"Maharashtra","Jalna","n.a. ( 1456)"
"Maharashtra","Jalna","Partur"
"Maharashtra","Kolhapur","Ajra"
"Maharashtra","Kolhapur","Bavda"
"Maharashtra","Kolhapur","Chandgad"
"Maharashtra","Kolhapur","Gadhinglaj"
"Maharashtra","Kolhapur","Gargoti"
"Maharashtra","Kolhapur","Hatkalangda"
"Maharashtra","Kolhapur","Kagal"
"Maharashtra","Kolhapur","Kolhapur"
"Maharashtra","Kolhapur","Panhala"
"Maharashtra","Kolhapur","Radhanagari"
"Maharashtra","Kolhapur","Shahuwadi"
"Maharashtra","Kolhapur","Shirol"
"Maharashtra","Latur","Ahmadpur"
"Maharashtra","Latur","Ausa"
"Maharashtra","Latur","Latur"
"Maharashtra","Latur","Nilanga"
"Maharashtra","Latur","Udgir"
"Maharashtra","Nagpur","Bhiwapur"
"Maharashtra","Nagpur","Hingana"
"Maharashtra","Nagpur","Kalmeshwar"
"Maharashtra","Nagpur","Kamthi"
"Maharashtra","Nagpur","Katol"
"Maharashtra","Nagpur","Kuhi"
"Maharashtra","Nagpur","Mauda"
"Maharashtra","Nagpur","Nagpur"
"Maharashtra","Nagpur","Narkher"
"Maharashtra","Nagpur","Parsivni"
"Maharashtra","Nagpur","Ramtek"
"Maharashtra","Nagpur","Savner"
"Maharashtra","Nagpur","Umred"
"Maharashtra","Nanded","Bhokar"
"Maharashtra","Nanded","Biloli"
"Maharashtra","Nanded","Diglur"
"Maharashtra","Nanded","Hadgaon"
"Maharashtra","Nanded","Kandahar"
"Maharashtra","Nanded","Kinwat"
"Maharashtra","Nanded","Mukher"
"Maharashtra","Nanded","Nanded"
"Maharashtra","Nandurbar","Akkalkuva"
"Maharashtra","Nandurbar","Dhadgaon"
"Maharashtra","Nandurbar","Nandurbar"
"Maharashtra","Nandurbar","Navapur"
"Maharashtra","Nandurbar","Shahada"
"Maharashtra","Nandurbar","Taloda"
"Maharashtra","Nashik","Chandvad"
"Maharashtra","Nashik","Dindori"
"Maharashtra","Nashik","Igatpuri"
"Maharashtra","Nashik","Kalvan"
"Maharashtra","Nashik","Malegaon"
"Maharashtra","Nashik","Nandgaon"
"Maharashtra","Nashik","Nashik"
"Maharashtra","Nashik","Niphad"
"Maharashtra","Nashik","Peint"
"Maharashtra","Nashik","Satana"
"Maharashtra","Nashik","Sinnar"
"Maharashtra","Nashik","Surgana"
"Maharashtra","Nashik","Yeola"
"Maharashtra","Osmanabad","Bhum"
"Maharashtra","Osmanabad","Kallam"
"Maharashtra","Osmanabad","Osmanabad"
"Maharashtra","Osmanabad","Parenda"
"Maharashtra","Osmanabad","Tuljapur"
"Maharashtra","Osmanabad","Umarga"
"Maharashtra","Parbhani","Gangakher"
"Maharashtra","Parbhani","Jintur"
"Maharashtra","Parbhani","Parbhani"
"Maharashtra","Parbhani","Pathri"
"Maharashtra","Pune","Baramati"
"Maharashtra","Pune","Bhor"
"Maharashtra","Pune","Daund"
"Maharashtra","Pune","Ghod"
"Maharashtra","Pune","Indapur"
"Maharashtra","Pune","Junnar"
"Maharashtra","Pune","n.a. ( 1612)"
"Maharashtra","Pune","Paud"
"Maharashtra","Pune","Rajgurunagar"
"Maharashtra","Pune","Sasvad"
"Maharashtra","Pune","Shirur"
"Maharashtra","Pune","Wadgaon"
"Maharashtra","Raigarh","Alibag"
"Maharashtra","Raigarh","Khalapur"
"Maharashtra","Raigarh","Mahad"
"Maharashtra","Raigarh","Mangaon"
"Maharashtra","Raigarh","Mhasla"
"Maharashtra","Raigarh","n.a. ( 1572)"
"Maharashtra","Raigarh","n.a. ( 1575)"
"Maharashtra","Raigarh","n.a. ( 1586)"
"Maharashtra","Raigarh","n.a. ( 1589)"
"Maharashtra","Raigarh","n.a. ( 1593)"
"Maharashtra","Raigarh","n.a. ( 1598)"
"Maharashtra","Raigarh","n.a. ( 1599)"
"Maharashtra","Raigarh","n.a. ( 1634)"
"Maharashtra","Raigarh","n.a. ( 1656)"
"Maharashtra","Raigarh","n.a. ( 1657)"
"Maharashtra","Raigarh","n.a. ( 1681)"
"Maharashtra","Raigarh","Pali"
"Maharashtra","Raigarh","Pen"
"Maharashtra","Raigarh","Poladpur"
"Maharashtra","Raigarh","Roha"
"Maharashtra","Ratnagiri","Chiplun"
"Maharashtra","Ratnagiri","Dapoli"
"Maharashtra","Ratnagiri","Devrukh"
"Maharashtra","Ratnagiri","Guhagar"
"Maharashtra","Ratnagiri","Khed"
"Maharashtra","Ratnagiri","Lanja"
"Maharashtra","Ratnagiri","Mandangarh"
"Maharashtra","Ratnagiri","Rajapur"
"Maharashtra","Ratnagiri","Ratnagiri"
"Maharashtra","Sangli","Atpadi"
"Maharashtra","Sangli","Islampur"
"Maharashtra","Sangli","Jath"
"Maharashtra","Sangli","Kavathe Mahankal"
"Maharashtra","Sangli","Sangli"
"Maharashtra","Sangli","Shirala"
"Maharashtra","Sangli","Tasgaon"
"Maharashtra","Sangli","Vite"
"Maharashtra","Satara","Dahivadi"
"Maharashtra","Satara","Karad"
"Maharashtra","Satara","Koregaon"
"Maharashtra","Satara","Mahabaleshwar"
"Maharashtra","Satara","Medha"
"Maharashtra","Satara","Patan"
"Maharashtra","Satara","Phaltan"
"Maharashtra","Satara","Satara"
"Maharashtra","Satara","Shirwal"
"Maharashtra","Satara","Vaduj"
"Maharashtra","Satara","Wai"
"Maharashtra","Sindhudurg","Devgarh"
"Maharashtra","Sindhudurg","Kankauli"
"Maharashtra","Sindhudurg","Kudal"
"Maharashtra","Sindhudurg","Malvan"
"Maharashtra","Sindhudurg","Savantvadi"
"Maharashtra","Sindhudurg","Vaibhavwadi"
"Maharashtra","Sindhudurg","Vengurla"
"Maharashtra","Solapur","Akalkot"
"Maharashtra","Solapur","Barsi"
"Maharashtra","Solapur","Karmal"
"Maharashtra","Solapur","Madha"
"Maharashtra","Solapur","Malsiras"
"Maharashtra","Solapur","Mangalwedha"
"Maharashtra","Solapur","Mohol"
"Maharashtra","Solapur","n.a. ( 1703)"
"Maharashtra","Solapur","Pandharpur"
"Maharashtra","Solapur","Sangole"
"Maharashtra","Solapur","Solapur"
"Maharashtra","Thane","Bhiwandi"
"Maharashtra","Thane","Dahanu"
"Maharashtra","Thane","Jawhar"
"Maharashtra","Thane","Kalyan"
"Maharashtra","Thane","Mokhada"
"Maharashtra","Thane","Murbad"
"Maharashtra","Thane","n.a. ( 1482)"
"Maharashtra","Thane","Palghar"
"Maharashtra","Thane","Shahapur"
"Maharashtra","Thane","Talasri"
"Maharashtra","Thane","Ulhasnagar"
"Maharashtra","Thane","Vada"
"Maharashtra","Thane","Vasai"
"Maharashtra","Wardha","Arvi"
"Maharashtra","Wardha","Ashti"
"Maharashtra","Wardha","Deoli"
"Maharashtra","Wardha","Hinganghat"
"Maharashtra","Wardha","Karanja"
"Maharashtra","Wardha","Samudrapur"
"Maharashtra","Wardha","Selu"
"Maharashtra","Wardha","Wardha"
"Maharashtra","Washim","Karanja"
"Maharashtra","Washim","Malegaon"
"Maharashtra","Washim","Mangrul Pir"
"Maharashtra","Washim","Manora"
"Maharashtra","Washim","Risod"
"Maharashtra","Washim","Washim"
"Maharashtra","Yavatmal","Babulgaon"
"Maharashtra","Yavatmal","Darwha"
"Maharashtra","Yavatmal","Digras"
"Maharashtra","Yavatmal","Ghatanji"
"Maharashtra","Yavatmal","Kalam"
"Maharashtra","Yavatmal","Mahagaon"
"Maharashtra","Yavatmal","Maregaon"
"Maharashtra","Yavatmal","Ner"
"Maharashtra","Yavatmal","Pandharkawada"
"Maharashtra","Yavatmal","Pusad"
"Maharashtra","Yavatmal","Ralegaon"
"Maharashtra","Yavatmal","Umarkhed"
"Maharashtra","Yavatmal","Wani"
"Maharashtra","Yavatmal","Yavatmal"
"Manipur","Bishnupur","Bishnupur"
"Manipur","Bishnupur","Moirang"
"Manipur","Chandel","Chakpikarong"
"Manipur","Chandel","Chandel"
"Manipur","Chandel","Tengnoupal"
"Manipur","Churachandpur","Churachandpur"
"Manipur","Churachandpur","Henglep"
"Manipur","Churachandpur","Parbung"
"Manipur","Churachandpur","Thanlon"
"Manipur","Churachandpur","Thinghat"
"Manipur","East Imphal","n.a. ( 745)"
"Manipur","East Imphal","n.a. ( 765)"
"Manipur","Senapati","Kangpokpi"
"Manipur","Senapati","Karong"
"Manipur","Senapati","Saikul"
"Manipur","Tamenglong","Nungba"
"Manipur","Tamenglong","Tamei"
"Manipur","Tamenglong","Tamenglong"
"Manipur","Tamenglong","Tousem"
"Manipur","Thoubal","Kakching"
"Manipur","Thoubal","Thoubal"
"Manipur","Ukhrul","Chingai"
"Manipur","Ukhrul","Kamjong"
"Manipur","Ukhrul","Kasom Khullen"
"Manipur","Ukhrul","Phungyar"
"Manipur","Ukhrul","Ukhrul"
"Manipur","West Imphal","Imphal"
"Manipur","West Imphal","n.a. ( 776)"
"Meghalaya","East Garo Hills","Williamnagar"
"Meghalaya","East Khasi Hills","Shillong"
"Meghalaya","Jaintia Hills","Jowai"
"Meghalaya","Ri-Bhoi","Ri-Bhoi"
"Meghalaya","South Garo Hills","South Garo Hills"
"Meghalaya","West Garo Hills","Tura"
"Meghalaya","West Khasi Hills","Nongstoin"
"Mizoram","Aizawl","Aizawl"
"Mizoram","Champhai","Champhai"
"Mizoram","Kolasib","Kolasib"
"Mizoram","Lawngtlai","Chawngte"
"Mizoram","Lawngtlai","Lawngtlai"
"Mizoram","Lunglei","Lunglei"
"Mizoram","Lunglei","Tlabung"
"Mizoram","Mamit","Mamit"
"Mizoram","Saiha","Saiha"
"Mizoram","Serchhip","Aizawl"
"Nagaland","Dimapur","Henima"
"Nagaland","Kohima","Henima"
"Nagaland","Mokokchung","Mokokchung"
"Nagaland","Mon","Mon"
"Nagaland","Phek","Phek"
"Nagaland","Tuensang","Tuensang"
"Nagaland","Wokha","Wokha"
"Nagaland","Zunheboto","Zunheboto"
"Orissa","Angul","Anugul"
"Orissa","Angul","Athamallik"
"Orissa","Angul","Pala Laharha"
"Orissa","Angul","Talcher"
"Orissa","Baleshwar","Baleshwar"
"Orissa","Baleshwar","Nilagiri"
"Orissa","Baragarh","Bargarh"
"Orissa","Baragarh","Padmapur"
"Orissa","Bhadrak","Bhadrak"
"Orissa","Bolangir","Balangir"
"Orissa","Bolangir","Patnagarh"
"Orissa","Bolangir","Titlagarh"
"Orissa","Boudh","Bauda"
"Orissa","Cuttack","Athagarh"
"Orissa","Cuttack","Banki"
"Orissa","Cuttack","Cuttack"
"Orissa","Deogarh","Deogarh"
"Orissa","Dhenkanal","Dhenkanal"
"Orissa","Dhenkanal","Hindola"
"Orissa","Dhenkanal","Kamakhyanagar"
"Orissa","Gajapati","Paralakhemundi"
"Orissa","Ganjam","Brahmapur"
"Orissa","Ganjam","Chatrapur"
"Orissa","Ganjam","n.a. ( 1460)"
"Orissa","Jagatsinghpur","Jagatsinghpur"
"Orissa","Jajpur","Jajapur"
"Orissa","Jharsuguda","Jharsuguda"
"Orissa","Kalahandi","Bhawanipatna"
"Orissa","Kalahandi","Dharamgarh"
"Orissa","Kandhamal","Ghumsur"
"Orissa","Kandhamal","Phulbani"
"Orissa","Kendrapara","Kendraparha"
"Orissa","Keonjhar","Anandapur"
"Orissa","Keonjhar","Champua"
"Orissa","Keonjhar","Kendujhar"
"Orissa","Khordha","Bhubaneshwar"
"Orissa","Khordha","Khordha"
"Orissa","Koraput","Jaypur"
"Orissa","Koraput","Koraput"
"Orissa","Malkangiri","Malakanagiri"
"Orissa","Mayurbhanj","Baripada"
"Orissa","Mayurbhanj","Panchpir"
"Orissa","Mayurbhanj","Rai"
"Orissa","Mayurbhanj","Udala"
"Orissa","Nabarangpur","Nabarangapur"
"Orissa","Nayagarh","Nayagarh"
"Orissa","Nuapada","Nuaparha"
"Orissa","Puri","n.a. ( 1507)"
"Orissa","Puri","Puri"
"Orissa","Rayagada","Gunupur"
"Orissa","Rayagada","Rayagarha"
"Orissa","Sambalpur","Kuchinda"
"Orissa","Sambalpur","Redhakhol"
"Orissa","Sambalpur","Sambalpur"
"Orissa","Sonepur","Sonapur"
"Orissa","Sundargarh","Banei"
"Orissa","Sundargarh","Panposh"
"Orissa","Sundargarh","Sundargarh"
"Puducherry","Karaikal","Karaikal"
"Puducherry","Mahe","Mahe"
"Puducherry","Puducherry","Puducherry"
"Puducherry","Yanam","Yanam"
"Punjab","Amritsar","Ajnala"
"Punjab","Amritsar","Baba Bakala"
"Punjab","Amritsar","Patti"
"Punjab","Amritsar","Tarn Taran"
"Punjab","Bathinda","Bathinda"
"Punjab","Bathinda","Rampura Phul"
"Punjab","Bathinda","Talwandi Sabo"
"Punjab","Faridkot","Faridkot"
"Punjab","Fatehgarh Sahib","Sirhind"
"Punjab","Firozpur","Abohar"
"Punjab","Firozpur","Fazilka"
"Punjab","Firozpur","Firozpur"
"Punjab","Firozpur","Zira"
"Punjab","Gurdaspur","Batala"
"Punjab","Gurdaspur","Gurdaspur"
"Punjab","Gurdaspur","Pathankot"
"Punjab","Hoshiarpur","Dasua"
"Punjab","Hoshiarpur","Garhshankar"
"Punjab","Hoshiarpur","Hoshiarpur"
"Punjab","Jalandhar","Jalandhar"
"Punjab","Jalandhar","Nakodar"
"Punjab","Jalandhar","Phillaur"
"Punjab","Kapurthala","Kapurthala"
"Punjab","Kapurthala","Phagwara"
"Punjab","Kapurthala","Sultanpur Lodhi"
"Punjab","Ludhiana","Jagraon"
"Punjab","Ludhiana","Khanna"
"Punjab","Ludhiana","Ludhiana"
"Punjab","Ludhiana","Samrala"
"Punjab","Mansa","Mansa"
"Punjab","Moga","Moga"
"Punjab","Muktsar","Muktsar"
"Punjab","Nawan Shehar","Balachaur"
"Punjab","Nawan Shehar","Nawashahr"
"Punjab","Patiala","n.a. ( 155)"
"Punjab","Patiala","Nabha"
"Punjab","Patiala","Patiala"
"Punjab","Patiala","Rajpura"
"Punjab","Patiala","Samana"
"Punjab","Rupnagar","Anandpur Sahib"
"Punjab","Rupnagar","Kharar"
"Punjab","Rupnagar","Rupnagar"
"Punjab","Sangrur","Barnala"
"Punjab","Sangrur","Maler Kotla"
"Punjab","Sangrur","Sangrur"
"Punjab","Sangrur","Sunam"
"Rajasthan","Ajmer","Ajmer"
"Rajasthan","Ajmer","Beawar"
"Rajasthan","Ajmer","Kekri"
"Rajasthan","Ajmer","Kishangarh"
"Rajasthan","Ajmer","n.a. ( 566)"
"Rajasthan","Ajmer","n.a. ( 617)"
"Rajasthan","Ajmer","Nasirabad"
"Rajasthan","Ajmer","Sarwar"
"Rajasthan","Alwar","Alwar"
"Rajasthan","Alwar","Bahror"
"Rajasthan","Alwar","Bansur"
"Rajasthan","Alwar","Kishangarh Bas"
"Rajasthan","Alwar","Lachhmangarh"
"Rajasthan","Alwar","Mandawar"
"Rajasthan","Alwar","Rajgarh"
"Rajasthan","Alwar","Ramgarh"
"Rajasthan","Alwar","Thana Gazi"
"Rajasthan","Alwar","Tijara"
"Rajasthan","Banswara","Banswara"
"Rajasthan","Banswara","Garhi"
"Rajasthan","Banswara","Ghatol"
"Rajasthan","Banswara","Kalinjara"
"Rajasthan","Banswara","n.a. ( 965)"
"Rajasthan","Baran","Atru"
"Rajasthan","Baran","Baran"
"Rajasthan","Baran","Chhabra"
"Rajasthan","Baran","Chhipa Barod"
"Rajasthan","Baran","Kishanganj"
"Rajasthan","Baran","Mangrol"
"Rajasthan","Baran","Shahbad"
"Rajasthan","Barmer","Barmer"
"Rajasthan","Barmer","Chauhtan"
"Rajasthan","Barmer","Gurha Malini"
"Rajasthan","Barmer","Pachpadra"
"Rajasthan","Barmer","Shiv"
"Rajasthan","Barmer","Siwana"
"Rajasthan","Bharatpur","Bayana"
"Rajasthan","Bharatpur","Bharatpur"
"Rajasthan","Bharatpur","Dig"
"Rajasthan","Bharatpur","Kaman"
"Rajasthan","Bharatpur","Kumher"
"Rajasthan","Bharatpur","Nadbai"
"Rajasthan","Bharatpur","Nagar"
"Rajasthan","Bharatpur","Rupbas"
"Rajasthan","Bharatpur","Weir"
"Rajasthan","Bhilwara","Asind"
"Rajasthan","Bhilwara","Banera"
"Rajasthan","Bhilwara","Bhilwara"
"Rajasthan","Bhilwara","Gangapur"
"Rajasthan","Bhilwara","Gulabpura"
"Rajasthan","Bhilwara","Jahazpur"
"Rajasthan","Bhilwara","Kotri"
"Rajasthan","Bhilwara","Mandal"
"Rajasthan","Bhilwara","Mandalgarh"
"Rajasthan","Bhilwara","Raipur"
"Rajasthan","Bhilwara","Shahpura"
"Rajasthan","Bikaner","Bikaner"
"Rajasthan","Bikaner","Kolayat"
"Rajasthan","Bikaner","Lunkaransar"
"Rajasthan","Bikaner","Nokha"
"Rajasthan","Bundi","Bundi"
"Rajasthan","Bundi","Hindoli"
"Rajasthan","Bundi","Keshorai Patan"
"Rajasthan","Bundi","Naenwa"
"Rajasthan","Chittaurgarh","Arnaud"
"Rajasthan","Chittaurgarh","Bari Sadri"
"Rajasthan","Chittaurgarh","Begun"
"Rajasthan","Chittaurgarh","Bhadesar"
"Rajasthan","Chittaurgarh","Chhoti Sadri"
"Rajasthan","Chittaurgarh","Gangrar"
"Rajasthan","Chittaurgarh","Kapasan"
"Rajasthan","Chittaurgarh","n.a. ( 748)"
"Rajasthan","Chittaurgarh","n.a. ( 793)"
"Rajasthan","Chittaurgarh","Nimbahera"
"Rajasthan","Chittaurgarh","Pratapgarh"
"Rajasthan","Chittaurgarh","Rashmi"
"Rajasthan","Churu","Churu"
"Rajasthan","Churu","Dungargarh"
"Rajasthan","Churu","Rajgarh"
"Rajasthan","Churu","Ratangarh"
"Rajasthan","Churu","Sardarshahar"
"Rajasthan","Churu","Sujangarh"
"Rajasthan","Churu","Taranagar"
"Rajasthan","Dausa","Baswa"
"Rajasthan","Dausa","Dausa"
"Rajasthan","Dausa","Lalsot"
"Rajasthan","Dausa","Mahwah"
"Rajasthan","Dausa","Sakrai"
"Rajasthan","Dhaulpur","Bari"
"Rajasthan","Dhaulpur","Baseri"
"Rajasthan","Dhaulpur","Dhaulpur"
"Rajasthan","Dungarpur","Aspur"
"Rajasthan","Dungarpur","Dungarpur"
"Rajasthan","Dungarpur","Sagwara"
"Rajasthan","Dungarpur","Simalwara"
"Rajasthan","Ganganagar","Anupgarh"
"Rajasthan","Ganganagar","Ganganagar"
"Rajasthan","Ganganagar","Karanpur"
"Rajasthan","Ganganagar","n.a. ( 230)"
"Rajasthan","Ganganagar","Padampur"
"Rajasthan","Ganganagar","Raisinghnagar"
"Rajasthan","Ganganagar","Sadulshahr"
"Rajasthan","Ganganagar","Sri Vijainagar"
"Rajasthan","Ganganagar","Suratgarh"
"Rajasthan","Hanumangarh","Bhadra"
"Rajasthan","Hanumangarh","n.a. ( 211)"
"Rajasthan","Hanumangarh","Nohar"
"Rajasthan","Hanumangarh","Pilibangan"
"Rajasthan","Hanumangarh","Rawatsar"
"Rajasthan","Hanumangarh","Sangariya"
"Rajasthan","Hanumangarh","Tibi"
"Rajasthan","Jaipur","Amer"
"Rajasthan","Jaipur","Bassi"
"Rajasthan","Jaipur","Chaksu"
"Rajasthan","Jaipur","Chomu"
"Rajasthan","Jaipur","Dudu"
"Rajasthan","Jaipur","Jaipur"
"Rajasthan","Jaipur","Jamwa Ramgarh"
"Rajasthan","Jaipur","Kot Putli"
"Rajasthan","Jaipur","n.a. ( 379)"
"Rajasthan","Jaipur","Phagi"
"Rajasthan","Jaipur","Sambhar"
"Rajasthan","Jaipur","Sanganer"
"Rajasthan","Jaipur","Viratnagar"
"Rajasthan","Jaisalmer","Jaisalmer"
"Rajasthan","Jaisalmer","Pokaran"
"Rajasthan","Jalor","Ahor"
"Rajasthan","Jalor","Bhinmal"
"Rajasthan","Jalor","Jalor"
"Rajasthan","Jalor","Raniwara"
"Rajasthan","Jalor","Sanchor"
"Rajasthan","Jhalawar","Aklera"
"Rajasthan","Jhalawar","Gangdhar"
"Rajasthan","Jhalawar","Jhalarapatan"
"Rajasthan","Jhalawar","Khanpur"
"Rajasthan","Jhalawar","Pachpahar"
"Rajasthan","Jhalawar","Pirawa"
"Rajasthan","Jhunjhunun","Chirawa"
"Rajasthan","Jhunjhunun","Jhunjhunun"
"Rajasthan","Jhunjhunun","Khetri"
"Rajasthan","Jhunjhunun","Nawalgarh"
"Rajasthan","Jhunjhunun","Udaipurwati"
"Rajasthan","Jodhpur","Bhopalgarh"
"Rajasthan","Jodhpur","Bilara"
"Rajasthan","Jodhpur","Jodhpur"
"Rajasthan","Jodhpur","Osiyan"
"Rajasthan","Jodhpur","Phalodi"
"Rajasthan","Jodhpur","Shergarh"
"Rajasthan","Karauli","Hindaun"
"Rajasthan","Karauli","Karauli"
"Rajasthan","Karauli","Nandauti"
"Rajasthan","Karauli","Sapotra"
"Rajasthan","Karauli","Toda Bhim"
"Rajasthan","Kota","Digod"
"Rajasthan","Kota","Kota"
"Rajasthan","Kota","Pipalda Kalan"
"Rajasthan","Kota","Ramganj Mandi"
"Rajasthan","Kota","Sangod"
"Rajasthan","Nagaur","Degana"
"Rajasthan","Nagaur","Didwana"
"Rajasthan","Nagaur","Jayal"
"Rajasthan","Nagaur","Ladnun"
"Rajasthan","Nagaur","Merta"
"Rajasthan","Nagaur","Nagaur"
"Rajasthan","Nagaur","Nawa"
"Rajasthan","Nagaur","Parvatsar"
"Rajasthan","Pali","Bali"
"Rajasthan","Pali","Desuri"
"Rajasthan","Pali","Jaitaran"
"Rajasthan","Pali","Kharchi"
"Rajasthan","Pali","Pali"
"Rajasthan","Pali","Raipur"
"Rajasthan","Pali","Sojat"
"Rajasthan","Rajsamand","Amet"
"Rajasthan","Rajsamand","Bhim"
"Rajasthan","Rajsamand","Devgarh"
"Rajasthan","Rajsamand","Kumbhalgarh"
"Rajasthan","Rajsamand","Nathdwara"
"Rajasthan","Rajsamand","Rajsamand"
"Rajasthan","Rajsamand","Relmagra"
"Rajasthan","Sawai Madhopur","Bamanwas"
"Rajasthan","Sawai Madhopur","Bonali"
"Rajasthan","Sawai Madhopur","Gangapur"
"Rajasthan","Sawai Madhopur","Khandar"
"Rajasthan","Sawai Madhopur","Sawai Madhopur"
"Rajasthan","Sikar","Fatehpur"
"Rajasthan","Sikar","Lachhmangarh"
"Rajasthan","Sikar","Nim ka Thana"
"Rajasthan","Sikar","Shri Madhopur"
"Rajasthan","Sikar","Sikar"
"Rajasthan","Sirohi","Abu Road"
"Rajasthan","Sirohi","Pindwara"
"Rajasthan","Sirohi","Revdar"
"Rajasthan","Sirohi","Shivganj"
"Rajasthan","Sirohi","Sirohi"
"Rajasthan","Tonk","Devli"
"Rajasthan","Tonk","Malpura"
"Rajasthan","Tonk","Niwai"
"Rajasthan","Tonk","Toda Raisingh"
"Rajasthan","Tonk","Tonk"
"Rajasthan","Tonk","Uniara"
"Rajasthan","Udaipur","Gogunda"
"Rajasthan","Udaipur","Kherwara"
"Rajasthan","Udaipur","Kotra"
"Rajasthan","Udaipur","Lasadia"
"Rajasthan","Udaipur","Phalsiya"
"Rajasthan","Udaipur","Salumbar"
"Rajasthan","Udaipur","Sarada"
"Rajasthan","Udaipur","Udaipur"
"Rajasthan","Udaipur","Vallabhnagar"
"Sikkim","East","Gangtok"
"Sikkim","North Sikkim","n.a. ( 302)"
"Sikkim","South Sikkim","n.a. ( 360)"
"Sikkim","West Sikkim","n.a. ( 352)"
"Tamil Nadu","Ariyalur","Ariyalur"
"Tamil Nadu","Ariyalur","Udaiyarpalaiyam"
"Tamil Nadu","Chennai","Egmore Nungabakkam"
"Tamil Nadu","Chennai","Fort Tondiarpet"
"Tamil Nadu","Chennai","Mambalam Gundy"
"Tamil Nadu","Chennai","Mylapore Tiruvallikk"
"Tamil Nadu","Chennai","Perambur Purasavakam"
"Tamil Nadu","Coimbatore","Avanashi"
"Tamil Nadu","Coimbatore","Coimbatore"
"Tamil Nadu","Coimbatore","Mettuppalaiyam"
"Tamil Nadu","Coimbatore","Pollachi"
"Tamil Nadu","Coimbatore","Tiruppur"
"Tamil Nadu","Coimbatore","Udumalaippettai"
"Tamil Nadu","Cuddalore","Chidambaram"
"Tamil Nadu","Cuddalore","Cuddalore"
"Tamil Nadu","Cuddalore","n.a. ( 2161)"
"Tamil Nadu","Cuddalore","Vriddhachalam"
"Tamil Nadu","Dharmapuri","Denkanikota"
"Tamil Nadu","Dharmapuri","Dharmapuri"
"Tamil Nadu","Dharmapuri","Harur"
"Tamil Nadu","Dharmapuri","Hosur"
"Tamil Nadu","Dharmapuri","Krishnagiri"
"Tamil Nadu","Dharmapuri","Palakkodu"
"Tamil Nadu","Dharmapuri","Pennagaram"
"Tamil Nadu","Dharmapuri","Uttangarai"
"Tamil Nadu","Dindigul","Dindigul"
"Tamil Nadu","Dindigul","Kodaikkanal"
"Tamil Nadu","Dindigul","Nattam"
"Tamil Nadu","Dindigul","Nilakkottai"
"Tamil Nadu","Dindigul","Palani"
"Tamil Nadu","Dindigul","Vedasandur"
"Tamil Nadu","Erode","Bhavani"
"Tamil Nadu","Erode","Dharapuram"
"Tamil Nadu","Erode","Erode"
"Tamil Nadu","Erode","Gopichettipalaiyam"
"Tamil Nadu","Erode","Perundurai"
"Tamil Nadu","Erode","Satyamangalam"
"Tamil Nadu","Kancheepuram","Chengalpattu"
"Tamil Nadu","Kancheepuram","Cheyyur"
"Tamil Nadu","Kancheepuram","Kanchipuram"
"Tamil Nadu","Kancheepuram","Madurantakam"
"Tamil Nadu","Kancheepuram","Sriperumbudur"
"Tamil Nadu","Kancheepuram","Uttiramerur"
"Tamil Nadu","Kanniyakumari","Bhutapandi"
"Tamil Nadu","Kanniyakumari","Kuzhittura"
"Tamil Nadu","Kanniyakumari","Nagercoil"
"Tamil Nadu","Kanniyakumari","Takkalai"
"Tamil Nadu","Karur","Karur"
"Tamil Nadu","Karur","Kulittalai"
"Tamil Nadu","Madurai","Madurai"
"Tamil Nadu","Madurai","Melur"
"Tamil Nadu","Madurai","n.a. ( 2237)"
"Tamil Nadu","Madurai","Tirumangalam"
"Tamil Nadu","Madurai","Usilampatti"
"Tamil Nadu","Madurai","Vadippatti"
"Tamil Nadu","Nagapattinam","Mayuram"
"Tamil Nadu","Nagapattinam","Nagappattinam"
"Tamil Nadu","Nagapattinam","Sirkazhi"
"Tamil Nadu","Nagapattinam","Tarangambadi"
"Tamil Nadu","Nagapattinam","Tirutturaippundi"
"Tamil Nadu","Namakkal","Namakkal"
"Tamil Nadu","Namakkal","Rasipuram"
"Tamil Nadu","Namakkal","Tiruchengodu"
"Tamil Nadu","Nilgiris","Coonoor"
"Tamil Nadu","Nilgiris","Gudalur"
"Tamil Nadu","Nilgiris","Kotagiri"
"Tamil Nadu","Nilgiris","Udagamandalam"
"Tamil Nadu","Perambalur","Perambalur"
"Tamil Nadu","Pudukkottai","Alangudi"
"Tamil Nadu","Pudukkottai","Arantangi"
"Tamil Nadu","Pudukkottai","Kulattur"
"Tamil Nadu","Pudukkottai","n.a. ( 2236)"
"Tamil Nadu","Pudukkottai","Pudukkottai"
"Tamil Nadu","Pudukkottai","Tirumayam"
"Tamil Nadu","Ramanathapuram","Kamudi"
"Tamil Nadu","Ramanathapuram","Mudukulattur"
"Tamil Nadu","Ramanathapuram","Paramakkudi"
"Tamil Nadu","Ramanathapuram","Ramanathapuram"
"Tamil Nadu","Ramanathapuram","Rameswaram"
"Tamil Nadu","Ramanathapuram","Tiruvadanai"
"Tamil Nadu","Salem","Attur"
"Tamil Nadu","Salem","Mettur"
"Tamil Nadu","Salem","Omalur"
"Tamil Nadu","Salem","Salem"
"Tamil Nadu","Salem","Sankari"
"Tamil Nadu","Sivaganga","Devakottai"
"Tamil Nadu","Sivaganga","Ilaiyankudi"
"Tamil Nadu","Sivaganga","Karaikkudi"
"Tamil Nadu","Sivaganga","Manamadurai"
"Tamil Nadu","Sivaganga","Sivaganga"
"Tamil Nadu","Sivaganga","Tiruppattur"
"Tamil Nadu","Thanjavur","Kumbakonam"
"Tamil Nadu","Thanjavur","Orattanadu"
"Tamil Nadu","Thanjavur","Papanasam"
"Tamil Nadu","Thanjavur","Pattukkottai"
"Tamil Nadu","Thanjavur","Peravurani"
"Tamil Nadu","Thanjavur","Thanjavur"
"Tamil Nadu","Thanjavur","Tiruvidaimarudur"
"Tamil Nadu","Theni","Periyakulam"
"Tamil Nadu","Theni","Uttamapalaiyam"
"Tamil Nadu","Thiruvallur","Gummidipundi"
"Tamil Nadu","Thiruvallur","Pallippattu"
"Tamil Nadu","Thiruvallur","Ponneri"
"Tamil Nadu","Thiruvallur","Saidapet"
"Tamil Nadu","Thiruvallur","Tiruttani"
"Tamil Nadu","Thiruvallur","Tiruvallur"
"Tamil Nadu","Thiruvallur","Uttukkottai"
"Tamil Nadu","Thiruvarur","Mannargudi"
"Tamil Nadu","Thiruvarur","Nannilam"
"Tamil Nadu","Thiruvarur","Thiruvarur"
"Tamil Nadu","Thoothukudi","Kovilpatti"
"Tamil Nadu","Thoothukudi","Ottapidaram"
"Tamil Nadu","Thoothukudi","Sattankulam"
"Tamil Nadu","Thoothukudi","Srivaikuntam"
"Tamil Nadu","Thoothukudi","Tiruchchendur"
"Tamil Nadu","Thoothukudi","Tuticorin"
"Tamil Nadu","Thoothukudi","Vilattikulam"
"Tamil Nadu","Tiruchchirappalli","Lalgudi"
"Tamil Nadu","Tiruchchirappalli","Manapparai"
"Tamil Nadu","Tiruchchirappalli","Musiri"
"Tamil Nadu","Tiruchchirappalli","Tiruchchirappalli"
"Tamil Nadu","Tiruchchirappalli","Turaiyur"
"Tamil Nadu","Tirunelveli Kattabo","Ambasamudram"
"Tamil Nadu","Tirunelveli Kattabo","Nanguneri"
"Tamil Nadu","Tirunelveli Kattabo","Palayankottai"
"Tamil Nadu","Tirunelveli Kattabo","Radhapuram"
"Tamil Nadu","Tirunelveli Kattabo","Sankarankovil"
"Tamil Nadu","Tirunelveli Kattabo","Sengottai"
"Tamil Nadu","Tirunelveli Kattabo","Sivagiri"
"Tamil Nadu","Tirunelveli Kattabo","Tenkasi"
"Tamil Nadu","Tirunelveli Kattabo","Tirunelveli"
"Tamil Nadu","Tiruvannamalai","Arani"
"Tamil Nadu","Tiruvannamalai","Chengam"
"Tamil Nadu","Tiruvannamalai","Polur"
"Tamil Nadu","Tiruvannamalai","Tiruvannamalai"
"Tamil Nadu","Tiruvannamalai","Tiruvettipuram"
"Tamil Nadu","Tiruvannamalai","Vandavasi"
"Tamil Nadu","Vellore","Arakkonam"
"Tamil Nadu","Vellore","Arcot"
"Tamil Nadu","Vellore","Gudiyattam"
"Tamil Nadu","Vellore","Tiruppattur"
"Tamil Nadu","Vellore","Vaniyambadi"
"Tamil Nadu","Vellore","Vellore"
"Tamil Nadu","Vellore","Walajapet"
"Tamil Nadu","Villupuram","Gingee"
"Tamil Nadu","Villupuram","Kallakkurichchi"
"Tamil Nadu","Villupuram","Tindivanam"
"Tamil Nadu","Villupuram","Tirukkoyilur"
"Tamil Nadu","Villupuram","Viluppuram"
"Tamil Nadu","Virudhunagar","Aruppukottai"
"Tamil Nadu","Virudhunagar","Rajapalaiyam"
"Tamil Nadu","Virudhunagar","Sattur"
"Tamil Nadu","Virudhunagar","Srivilliputtur"
"Tamil Nadu","Virudhunagar","Tiruchuli"
"Tamil Nadu","Virudhunagar","Virudunagar"
"Tripura","Dhalai","Kailashahar"
"Tripura","Dhalai","Kamalpur"
"Tripura","North Tripura","Dharmanagar"
"Tripura","North Tripura","n.a. ( 837)"
"Tripura","South Tripura","Amarpur"
"Tripura","South Tripura","Belonia"
"Tripura","South Tripura","Sabrum"
"Tripura","South Tripura","Udaipur"
"Tripura","West Tripura","Agartala"
"Tripura","West Tripura","Khowai"
"Tripura","West Tripura","Sonamura"
"Uttar Pradesh","Agra","Agra"
"Uttar Pradesh","Agra","Bah"
"Uttar Pradesh","Agra","Fatehabad"
"Uttar Pradesh","Agra","Khairagarh"
"Uttar Pradesh","Agra","Kiraoli"
"Uttar Pradesh","Aligarh","Aligarh"
"Uttar Pradesh","Aligarh","Atrauli"
"Uttar Pradesh","Aligarh","Iglas"
"Uttar Pradesh","Aligarh","Khair"
"Uttar Pradesh","Aligarh","Sikandra Rao"
"Uttar Pradesh","Allahabad","Handia"
"Uttar Pradesh","Allahabad","Karchana"
"Uttar Pradesh","Allahabad","Meja"
"Uttar Pradesh","Allahabad","Phulpur"
"Uttar Pradesh","Allahabad","Soraon"
"Uttar Pradesh","Ambedkar Nagar","Akbarpur"
"Uttar Pradesh","Ambedkar Nagar","Tanda"
"Uttar Pradesh","Auraiya","Auraiya"
"Uttar Pradesh","Auraiya","Bidhuna"
"Uttar Pradesh","Azamgarh","Azamgarh"
"Uttar Pradesh","Azamgarh","Katghar"
"Uttar Pradesh","Azamgarh","Phulpur"
"Uttar Pradesh","Azamgarh","Sagri"
"Uttar Pradesh","Badaun","Bisauli"
"Uttar Pradesh","Badaun","Budaun"
"Uttar Pradesh","Badaun","Dataganj"
"Uttar Pradesh","Badaun","Gunnaur"
"Uttar Pradesh","Badaun","Sahaswan"
"Uttar Pradesh","Baghpat","Baghpat"
"Uttar Pradesh","Bahraich","Kaisarganj"
"Uttar Pradesh","Bahraich","Nanpara"
"Uttar Pradesh","Ballia","Ballia"
"Uttar Pradesh","Ballia","Bansdih"
"Uttar Pradesh","Ballia","Rasra"
"Uttar Pradesh","Balrampur","Balrampur"
"Uttar Pradesh","Banda","Baberu"
"Uttar Pradesh","Banda","Banda"
"Uttar Pradesh","Banda","Naraini"
"Uttar Pradesh","Bara Banki","Bara Banki"
"Uttar Pradesh","Bara Banki","Fatehpur"
"Uttar Pradesh","Bara Banki","Haidargarh"
"Uttar Pradesh","Bara Banki","Ramsanehighat"
"Uttar Pradesh","Bareilly","Aonla"
"Uttar Pradesh","Bareilly","Baheri"
"Uttar Pradesh","Bareilly","Bareilly"
"Uttar Pradesh","Bareilly","Faritpur"
"Uttar Pradesh","Bareilly","Nawabganj"
"Uttar Pradesh","Basti","Basti"
"Uttar Pradesh","Basti","Haraiya"
"Uttar Pradesh","Bijnor","Bijnor"
"Uttar Pradesh","Bijnor","Dhampur"
"Uttar Pradesh","Bijnor","Nagina"
"Uttar Pradesh","Bijnor","Najibabad"
"Uttar Pradesh","Bulandshahr","Anupshahr"
"Uttar Pradesh","Bulandshahr","Bulandshahr"
"Uttar Pradesh","Chandauli","Chakia"
"Uttar Pradesh","Chandauli","Chandauli"
"Uttar Pradesh","Chitrakoot","Karwi"
"Uttar Pradesh","Chitrakoot","Mau"
"Uttar Pradesh","Deoria","Deoria"
"Uttar Pradesh","Deoria","Salempur"
"Uttar Pradesh","Etah","Aliganj"
"Uttar Pradesh","Etah","Etah"
"Uttar Pradesh","Etah","Jalesar"
"Uttar Pradesh","Etah","Kasganj"
"Uttar Pradesh","Etawah","Bharthana"
"Uttar Pradesh","Etawah","Etawah"
"Uttar Pradesh","Faizabad","Bikapur"
"Uttar Pradesh","Faizabad","Faizabad"
"Uttar Pradesh","Farrukhabad","Fatehgarh"
"Uttar Pradesh","Farrukhabad","Kaimganj"
"Uttar Pradesh","Fatehpur","Bindki"
"Uttar Pradesh","Fatehpur","Fatehpur"
"Uttar Pradesh","Fatehpur","Khaga"
"Uttar Pradesh","Firozabad","Etmadpur"
"Uttar Pradesh","Firozabad","Firozabad"
"Uttar Pradesh","Firozabad","Jasrana"
"Uttar Pradesh","Firozabad","Shikohabad"
"Uttar Pradesh","Gautam Buddha Nagar","Dadri"
"Uttar Pradesh","Gautam Buddha Nagar","Khurja"
"Uttar Pradesh","Gautam Buddha Nagar","Sikandarabad"
"Uttar Pradesh","Ghaziabad","Garhmuktesar"
"Uttar Pradesh","Ghaziabad","Ghaziabad"
"Uttar Pradesh","Ghaziabad","Hapur"
"Uttar Pradesh","Ghazipur","Ghazipur"
"Uttar Pradesh","Ghazipur","Muhammadabad"
"Uttar Pradesh","Ghazipur","Saidpur"
"Uttar Pradesh","Ghazipur","Zamania"
"Uttar Pradesh","Gonda","Gonda"
"Uttar Pradesh","Gonda","Tarabganj"
"Uttar Pradesh","Gonda","Utraula"
"Uttar Pradesh","Gorakhpur","Bansgaon"
"Uttar Pradesh","Gorakhpur","Gorakhpur"
"Uttar Pradesh","Hamirpur","Hamirpur"
"Uttar Pradesh","Hamirpur","Maudaha"
"Uttar Pradesh","Hamirpur","Rath"
"Uttar Pradesh","Hardoi","Bilgram"
"Uttar Pradesh","Hardoi","Hardoi"
"Uttar Pradesh","Hardoi","Sandila"
"Uttar Pradesh","Hardoi","Shahabad"
"Uttar Pradesh","Hathras","Hathras"
"Uttar Pradesh","Jalaun","Jalaun"
"Uttar Pradesh","Jalaun","Kalpi"
"Uttar Pradesh","Jalaun","Konch"
"Uttar Pradesh","Jalaun","Orai"
"Uttar Pradesh","Jaunpur","Jaunpur"
"Uttar Pradesh","Jaunpur","Kirakat"
"Uttar Pradesh","Jaunpur","Machhlishahr"
"Uttar Pradesh","Jaunpur","Mariahu"
"West Bengal","West Midnapore","Jhargram"
"West Bengal","West Midnapore","Medinipur"
"Uttar Pradesh","Jaunpur","Shahganj"
"Uttar Pradesh","Jhansi","Garautha"
"Uttar Pradesh","Jhansi","Jhansi"
"Uttar Pradesh","Jhansi","Mau Ranipur"
"Uttar Pradesh","Jhansi","Moth"
"Uttar Pradesh","Jyotiba Phule Nagar","Amroha"
"Uttar Pradesh","Jyotiba Phule Nagar","Hasanpur"
"Uttar Pradesh","Kannauj","Chhibramau"
"Uttar Pradesh","Kannauj","Kannauj"
"Uttar Pradesh","Kanpur Dehat","Akbarpur"
"Uttar Pradesh","Kanpur Dehat","Bilhaur"
"Uttar Pradesh","Kanpur Dehat","Derapur"
"Uttar Pradesh","Kanpur Dehat","Ghatampur"
"Uttar Pradesh","Kanpur Dehat","Pukhrayan"
"Uttar Pradesh","Kanpur","Kanpur"
"Uttar Pradesh","Kaushambi","Allahabad"
"Uttar Pradesh","Kaushambi","Manjhanpur"
"Uttar Pradesh","Kaushambi","Sirathu"
"Uttar Pradesh","Kushinagar","Hata"
"Uttar Pradesh","Kushinagar","Padrauna"
"Uttar Pradesh","Lakhimpur Kheri","Lakhimpur"
"Uttar Pradesh","Lakhimpur Kheri","Muhamdi"
"Uttar Pradesh","Lakhimpur Kheri","Nighasan"
"Uttar Pradesh","Lalitpur","Lalitpur"
"Uttar Pradesh","Lalitpur","Mahrauni"
"Uttar Pradesh","Lucknow","Lucknow"
"Uttar Pradesh","Lucknow","Malihabad"
"Uttar Pradesh","Lucknow","Mohanlalganj"
"Uttar Pradesh","Maharajganj","Maharajganj"
"Uttar Pradesh","Maharajganj","Pharenda"
"Uttar Pradesh","Mahoba","Charkhari"
"Uttar Pradesh","Mahoba","Kulpahar"
"Uttar Pradesh","Mahoba","Mahoba"
"Uttar Pradesh","Mainpuri","Bhongaon"
"Uttar Pradesh","Mainpuri","Karhal"
"Uttar Pradesh","Mainpuri","Mainpuri"
"Uttar Pradesh","Mathura","Chhata"
"Uttar Pradesh","Mathura","Mat"
"Uttar Pradesh","Mathura","Mathura"
"Uttar Pradesh","Mathura","Sadabad"
"Uttar Pradesh","Mau","Ghosi"
"Uttar Pradesh","Mau","Mau"
"Uttar Pradesh","Meerut","Mawana"
"Uttar Pradesh","Meerut","Meerut"
"Uttar Pradesh","Meerut","Sardhana"
"Uttar Pradesh","Mirzapur","Chunar"
"Uttar Pradesh","Mirzapur","Mirzapur"
"Uttar Pradesh","Moradabad","Bilari"
"Uttar Pradesh","Moradabad","Moradabad"
"Uttar Pradesh","Moradabad","Sambhal"
"Uttar Pradesh","Moradabad","Thakurdwara"
"Uttar Pradesh","Muzaffarnagar","Budhana"
"Uttar Pradesh","Muzaffarnagar","Jansath"
"Uttar Pradesh","Muzaffarnagar","Kairana"
"Uttar Pradesh","Muzaffarnagar","Muzaffarnagar"
"Uttar Pradesh","Pilibhit","Bisalpur"
"Uttar Pradesh","Pilibhit","Pilibhit"
"Uttar Pradesh","Pilibhit","Puranpur"
"Uttar Pradesh","Pratapgarh","Bela"
"Uttar Pradesh","Pratapgarh","Kunda"
"Uttar Pradesh","Pratapgarh","Patti"
"Uttar Pradesh","Rae Bareli","Dalmau"
"Uttar Pradesh","Rae Bareli","Maharajganj"
"Uttar Pradesh","Rae Bareli","Rae Bareli"
"Uttar Pradesh","Rae Bareli","Salon"
"Uttar Pradesh","Rampur","Bilaspur"
"Uttar Pradesh","Rampur","Milak"
"Uttar Pradesh","Rampur","Rampur"
"Uttar Pradesh","Rampur","Shahabad"
"Uttar Pradesh","Rampur","Suar"
"Uttar Pradesh","Saharanpur","Deoband"
"Uttar Pradesh","Saharanpur","Nakur"
"Uttar Pradesh","Saharanpur","Saharanpur"
"Uttar Pradesh","Sant Kabir Nagar","Khalilabad"
"Uttar Pradesh","Sant Ravi Das Nagar","Gyanpur"
"Uttar Pradesh","Shahjahanpur","Jalalabad"
"Uttar Pradesh","Shahjahanpur","Pawayan"
"Uttar Pradesh","Shahjahanpur","Shahjahanpur"
"Uttar Pradesh","Shahjahanpur","Tilhar"
"Uttar Pradesh","Shravasti","Bahraich"
"Uttar Pradesh","Siddharth Nagar","Bansi"
"Uttar Pradesh","Siddharth Nagar","Domriaganj"
"Uttar Pradesh","Siddharth Nagar","Naugarh"
"Uttar Pradesh","Sitapur","Biswan"
"Uttar Pradesh","Sitapur","Misrikh"
"Uttar Pradesh","Sitapur","Sidhauli"
"Uttar Pradesh","Sitapur","Sitapur"
"Uttar Pradesh","Sonbhadra","Dudhi"
"Uttar Pradesh","Sonbhadra","Robertsganj"
"Uttar Pradesh","Sultanpur","Amethi"
"Uttar Pradesh","Sultanpur","Gauriganj"
"Uttar Pradesh","Sultanpur","Kadipur"
"Uttar Pradesh","Sultanpur","Musafirkhana"
"Uttar Pradesh","Sultanpur","Sultanpur"
"Uttar Pradesh","Unnao","Hasanganj"
"Uttar Pradesh","Unnao","Purwa"
"Uttar Pradesh","Unnao","Safipur"
"Uttar Pradesh","Unnao","Unnao"
"Uttar Pradesh","Varanasi","Varanasi"
"Uttaranchal","Almora","Almora"
"Uttaranchal","Almora","Ranikhet"
"Uttaranchal","Bageshwar","Bageshwar"
"Uttaranchal","Chamoli","Chamoli"
"Uttaranchal","Chamoli","Joshimath"
"Uttaranchal","Chamoli","Karnaprayag"
"Uttaranchal","Champawat","Champawat"
"Uttaranchal","Dehra Dun","Chakrata"
"Uttaranchal","Dehra Dun","Dehra Dun"
"Uttaranchal","Haridwar","Haridwar"
"Uttaranchal","Haridwar","Roorkee"
"Uttaranchal","Naini Tal","Haldwani"
"Uttaranchal","Naini Tal","n.a. ( 188)"
"Uttaranchal","Naini Tal","Naini Tal"
"Uttaranchal","Pauri Garhwal","Lansdowne"
"Uttaranchal","Pauri Garhwal","Pauri"
"Uttaranchal","Pithoragarh","Dharchula"
"Uttaranchal","Pithoragarh","Didihat"
"Uttaranchal","Pithoragarh","Munsyari"
"Uttaranchal","Pithoragarh","Pithoragarh"
"Uttaranchal","Rudra Prayag","Okhimath"
"Uttaranchal","Tehri Garhwal","n.a. ( 111)"
"Uttaranchal","Tehri Garhwal","Narendranagar"
"Uttaranchal","Tehri Garhwal","Tehri"
"Uttaranchal","Udham Singh Nagar","Bazpur"
"Uttaranchal","Udham Singh Nagar","Kashipur"
"Uttaranchal","Udham Singh Nagar","Khatima"
"Uttaranchal","Udham Singh Nagar","Kichha"
"Uttaranchal","Uttarkashi","Bhatwari"
"Uttaranchal","Uttarkashi","Dunda"
"Uttaranchal","Uttarkashi","Purola"
"Uttaranchal","Uttarkashi","Rajgarhi"
"West Bengal","Bankura","Bankura"
"West Bengal","Bankura","Bishnupur"
"West Bengal","Barddhaman","Asansol"
"West Bengal","Barddhaman","Barddhaman"
"West Bengal","Barddhaman","Durgapur"
"West Bengal","Barddhaman","Kalna"
"West Bengal","Barddhaman","Katoya"
"West Bengal","Birbhum","Bolpur"
"West Bengal","Birbhum","Rampur Hat"
"West Bengal","Birbhum","Siuri"
"West Bengal","Dakshin Dinajpur","Balurghat"
"West Bengal","Darjiling","Darjiling"
"West Bengal","Darjiling","Kalimpong"
"West Bengal","Darjiling","Kurseong"
"West Bengal","Darjiling","Siliguri"
"West Bengal","East Midnapore","Kanthi"
"West Bengal","East Midnapore","Tamluk"
"West Bengal","Haora","Haora"
"West Bengal","Haora","Uluberiya"
"West Bengal","Hugli","Arambag"
"West Bengal","Hugli","Chandannagar"
"West Bengal","Hugli","Chunchura"
"West Bengal","Hugli","Shrirampur"
"West Bengal","Jalpaiguri","Alipur Duar"
"West Bengal","Jalpaiguri","Jalpaiguri"
"West Bengal","Kochbihar","Dinhata"
"West Bengal","Kochbihar","Kochbihar"
"West Bengal","Kochbihar","Mathabhanga"
"West Bengal","Kochbihar","Mekhliganj"
"West Bengal","Kochbihar","Tufanganj"
"West Bengal","Kolkata","Alipur"
"West Bengal","Maldah","Maldah"
"West Bengal","Murshidabad","Baharampur"
"West Bengal","Murshidabad","Jangipur"
"West Bengal","Murshidabad","Kandi"
"West Bengal","Murshidabad","Murshidabad"
"West Bengal","Nadia","Kalyani"
"West Bengal","Nadia","Krishnanagar"
"West Bengal","Nadia","Ranaghat"
"West Bengal","North 24 Parganas","Bangaon"
"West Bengal","North 24 Parganas","Barakpur"
"West Bengal","North 24 Parganas","Barasat"
"West Bengal","North 24 Parganas","Basirhat"
"West Bengal","North 24 Parganas","n.a. ( 1220)"
"West Bengal","Puruliya","Puruliya"
"West Bengal","South 24 Parganas","Diamond Harbour"
"West Bengal","South 24 Parganas","n.a. ( 1187)"
"West Bengal","South 24 Parganas","n.a. ( 1229)"
"West Bengal","Uttar Dinajpur","Islampur"
"West Bengal","Uttar Dinajpur","Raiganj"
"West Bengal","West Midnapore","Ghatal"
